v -0.08261500298976898 1.8042559623718262 0.04735499992966652
v -0.08737484365701675 1.7957653999328613 0.04964740574359894
v -0.08380100131034851 1.802243947982788 0.044064000248909
v -0.08868379145860672 1.7937955856323242 0.04625135287642479
v -0.08135499805212021 1.8093600273132324 0.04896799847483635
v -0.08597056567668915 1.8008511066436768 0.05147685110569
v -0.0849199965596199 1.8014990091323853 0.04032000154256821
v -0.08991380035877228 1.7930916547775269 0.04241233319044113
v -0.08590999990701675 1.7991629838943481 0.037060000002384186
v -0.09105244278907776 1.7908332347869873 0.03910217434167862
v -0.08354700356721878 1.7973779439926147 0.04687799885869026
v -0.08845710009336472 1.7889238595962524 0.04898004233837128
v -0.0771000012755394 1.8073660135269165 0.060795001685619354
v -0.0817670226097107 1.7989904880523682 0.06363584101200104
v -0.07862900197505951 1.8061879873275757 0.05762600153684616
v -0.08335548639297485 1.797756552696228 0.060189347714185715
v -0.07779499888420105 1.808670997619629 0.058584000915288925
v -0.08241669833660126 1.8002440929412842 0.06134561449289322
v -0.07539500296115875 1.830325961112976 0.05000799894332886
v -0.07854020595550537 1.8239574432373047 0.05704711750149727
v -0.07600799947977066 1.8271880149841309 0.051316998898983
v -0.07965047657489777 1.8200944662094116 0.057351380586624146
v -0.07952100038528442 1.8200429677963257 0.04801499843597412
v -0.08402951806783676 1.811706781387329 0.05120590701699257
v -0.0678969994187355 1.833659052848816 0.061388999223709106
v -0.07062787562608719 1.8273425102233887 0.06864457577466965
v -0.06929899752140045 1.834138035774231 0.058476001024246216
v -0.07170477509498596 1.828281044960022 0.06621602922677994
v -0.07098100334405899 1.8346010446548462 0.055038999766111374
v -0.07286485284566879 1.8295763731002808 0.06347723305225372
v -0.06843400001525879 1.837270975112915 0.0569319985806942
v -0.07026834040880203 1.8322296142578125 0.06537117063999176
v -0.0771460011601448 1.833225965499878 0.042187999933958054
v -0.08172263205051422 1.8260542154312134 0.04744350537657738
v -0.0807109996676445 1.825569987297058 0.039650000631809235
v -0.08549565076828003 1.8174339532852173 0.042953286319971085
v -0.03725099936127663 1.8560019731521606 0.06893099844455719
v -0.03626234456896782 1.85276198387146 0.07833979278802872
v -0.04718000069260597 1.841717004776001 0.07833000272512436
v -0.04976760596036911 1.8359606266021729 0.08608680218458176
v -0.04425999894738197 1.8449749946594238 0.07748199999332428
v -0.04571397602558136 1.8397600650787354 0.0858897790312767
v -0.036511000245809555 1.8469879627227783 0.08020800352096558
v -0.03674490749835968 1.842379093170166 0.08907949179410934
v -0.032315999269485474 1.844730019569397 0.08424299955368042
v -0.032188594341278076 1.8395805358886719 0.09281429648399353
v -0.03573400154709816 1.8555190563201904 0.07031500339508057
v -0.03495941683650017 1.851952075958252 0.07962504774332047
v -0.03817500174045563 1.8601289987564087 0.06208299845457077
v -0.035170506685972214 1.8590497970581055 0.07155972719192505
v -0.044210001826286316 1.8557339906692505 0.06430300325155258
v -0.04356751590967178 1.853166103363037 0.07394628971815109
v -0.046254999935626984 1.85698401927948 0.060603998601436615
v -0.04490291327238083 1.8551547527313232 0.07034184038639069
v -0.03991600126028061 1.8344199657440186 0.08962199836969376
v -0.04199991002678871 1.828270673751831 0.09722752869129181
v -0.03786800056695938 1.835237979888916 0.0900069996714592
v -0.03909120708703995 1.8285118341445923 0.09730515629053116
v -0.045802999287843704 1.839887022972107 0.0811920017004013
v -0.04837338998913765 1.833944320678711 0.08881284296512604
v -0.044495999813079834 1.8328499794006348 0.08792400360107422
v -0.047177549451589584 1.8261160850524902 0.09481339901685715
v -0.04634400084614754 1.8252530097961426 0.09146100282669067
v -0.049209047108888626 1.8179736137390137 0.0976901426911354
v -0.03977999836206436 1.8282229900360107 0.09384399652481079
v -0.04183549806475639 1.821190595626831 0.100649893283844
v -0.03398200124502182 1.8259979486465454 0.09765399992465973
v -0.03534061089158058 1.818825125694275 0.10448813438415527
v -0.03706499934196472 1.8270180225372314 0.0957920029759407
v -0.03868775814771652 1.8199896812438965 0.10271803289651871
v -0.030338000506162643 1.8382110595703125 0.09081099927425385
v -0.02997167408466339 1.8326127529144287 0.09908896684646606
v -0.029858000576496124 1.839609980583191 0.08985599875450134
v -0.029341233894228935 1.834166407585144 0.09822860360145569
v -0.038520000874996185 1.8398590087890625 0.08591700345277786
v -0.039780471473932266 1.8342320919036865 0.09408697485923767
v -0.041234999895095825 1.8410450220108032 0.08335500210523605
v -0.042943619191646576 1.8354473114013672 0.09146341681480408
v -0.06810399889945984 1.7949049472808838 0.08087000250816345
v -0.0721421092748642 1.7864665985107422 0.08440385013818741
v -0.07491300255060196 1.8176829814910889 0.060440000146627426
v -0.07926302403211594 1.8094927072525024 0.06418117880821228
v -0.0699940025806427 1.8201459646224976 0.06803900003433228
v -0.07319553941488266 1.8123916387557983 0.07348141074180603
v -0.06515300273895264 1.8172390460968018 0.07682199776172638
v -0.06873402744531631 1.8093376159667969 0.08179637789726257
v -0.07250799983739853 1.8238149881362915 0.06128200143575668
v -0.07544668763875961 1.8165745735168457 0.06752219796180725
v -0.08958599716424942 1.7908600568771362 0.02174999937415123
v -0.09471341222524643 1.7824592590332031 0.023521142080426216
v -0.09050100296735764 1.790215015411377 0.016791999340057373
v -0.09558252990245819 1.781784176826477 0.018552184104919434
v -0.08740200102329254 1.7965739965438843 0.031268998980522156
v -0.09257739037275314 1.7882554531097412 0.03327315300703049
v -0.08810699731111526 1.7952090501785278 0.02830599993467331
v -0.09330219030380249 1.7868906259536743 0.03025907464325428
v -0.08747799694538116 1.799083948135376 0.030208999291062355
v -0.09269538521766663 1.7907854318618774 0.03218714892864227
v -0.08807399868965149 1.7979589700698853 0.02762500010430813
v -0.09328415989875793 1.7896497249603271 0.02957705780863762
v -0.08943399786949158 1.7977639436721802 0.020711999386548996
v -0.09458141773939133 1.7893832921981812 0.022520147264003754
v -0.0912109985947609 1.7903120517730713 0.012412000447511673
v -0.09624654054641724 1.7818490266799927 0.014150187373161316
v -0.09153900295495987 1.7818180322647095 0.012357000261545181
v -0.09660014510154724 1.7733567953109741 0.014028046280145645
v -0.09082700312137604 1.778607964515686 0.01761000044643879
v -0.09592004120349884 1.7701568603515625 0.01923501305282116
v -0.09048599749803543 1.7832039594650269 0.0184129998087883
v -0.09557048976421356 1.774760127067566 0.020101163536310196
v -0.08109699934720993 1.7767879962921143 0.06170500069856644
v -0.08524898439645767 1.7679266929626465 0.06376348435878754
v -0.08242200314998627 1.7834559679031372 0.05550700053572655
v -0.08736459910869598 1.774906873703003 0.057083189487457275
v -0.0828080028295517 1.782515048980713 0.054375000298023224
v -0.08790796250104904 1.774017095565796 0.05570698902010918
v -0.07500399649143219 1.8050789833068848 0.06641300022602081
v -0.07971551269292831 1.7968140840530396 0.06949394941329956
v -0.07321099936962128 1.8019909858703613 0.07126899808645248
v -0.07776980102062225 1.7937160730361938 0.07454672455787659
v -0.065761998295784 1.8028919696807861 0.08190499991178513
v -0.06988576799631119 1.7947235107421875 0.0859387069940567
v -0.06612099707126617 1.8115700483322144 0.07816699892282486
v -0.0699349120259285 1.8036187887191772 0.08288206160068512
v -0.08253800123929977 1.787788987159729 0.0539029985666275
v -0.08751126378774643 1.7792935371398926 0.055662091821432114
v -0.08382400125265121 1.7863249778747559 0.049348000437021255
v -0.08888731151819229 1.777875542640686 0.051071107387542725
v -0.047258999198675156 1.8735929727554321 0.009184000082314014
v -0.04424490034580231 1.8771357536315918 0.01803634501993656
v -0.04469599947333336 1.8763309717178345 -0.011121000163257122
v -0.041557688266038895 1.880419135093689 -0.002551380544900894
v -0.041071001440286636 1.8777320384979248 -0.012531000189483166
v -0.03733509033918381 1.8817188739776611 -0.004155579023063183
v -0.04258099943399429 1.876891016960144 -0.004050999879837036
v -0.038760967552661896 1.881108283996582 0.0041722748428583145
v -0.04469599947333336 1.8763309717178345 -0.011121000163257122
v -0.041557688266038895 1.880419135093689 -0.002551380544900894
v -0.045598000288009644 1.8735740184783936 0.014805000275373459
v -0.042219128459692 1.8764108419418335 0.02377917990088463
v -0.04685100167989731 1.8714779615402222 0.021604999899864197
v -0.04425562918186188 1.8741577863693237 0.030883075669407845
v -0.04886600002646446 1.871759057044983 0.015565999783575535
v -0.046235524117946625 1.874583125114441 0.024791236966848373
v -0.040431998670101166 1.8755329847335815 0.015488999895751476
v -0.03619652986526489 1.8782944679260254 0.02411658875644207
v -0.03610499948263168 1.875290036201477 0.023204000666737556
v -0.03172830119729042 1.8779150247573853 0.031803641468286514
v -0.038460999727249146 1.8758620023727417 0.01706800051033497
v -0.03407353162765503 1.8786978721618652 0.025594893842935562
v -0.035057999193668365 1.8795119524002075 -0.012279000133275986
v -0.03050866723060608 1.8834571838378906 -0.004295336082577705
v -0.036858998239040375 1.8787389993667603 -0.003674000035971403
v -0.03216950595378876 1.8828462362289429 0.004145179409533739
v -0.03949499875307083 1.8770970106124878 -0.0260429996997118
v -0.03738084062933922 1.8817168474197388 -0.017429757863283157
v -0.03514799848198891 1.87813401222229 -0.02771800011396408
v -0.03255847096443176 1.8826797008514404 -0.019195634871721268
v -0.03704499825835228 1.8784739971160889 -0.01864900067448616
v -0.03348951041698456 1.8832646608352661 -0.010623517446219921
v -0.03949499875307083 1.8770970106124878 -0.0260429996997118
v -0.03738084062933922 1.8817168474197388 -0.017429757863283157
v -0.03514799848198891 1.87813401222229 -0.02771800011396408
v -0.03255847096443176 1.8826797008514404 -0.019195634871721268
v -0.0427669994533062 1.8766640424728394 -0.018814999610185623
v -0.040233466774225235 1.8814948797225952 -0.01043384987860918
v -0.04479299858212471 1.8752670288085938 -0.026126999408006668
v -0.04374273866415024 1.8797228336334229 -0.01723640039563179
v -0.046286001801490784 1.874508023262024 -0.02789900079369545
v -0.045947831124067307 1.87879478931427 -0.018870774656534195
v -0.052317000925540924 1.8721940517425537 -0.019151000306010246
v -0.052135057747364044 1.8764228820800781 -0.010090988129377365
v -0.05406399816274643 1.8705500364303589 -0.02619899995625019
v -0.05541718378663063 1.8741251230239868 -0.016958441585302353
v -0.051256999373435974 1.872069001197815 -0.02782999910414219
v -0.05201541632413864 1.8754693269729614 -0.018456503748893738
v -0.05216699838638306 1.872372031211853 -0.004902999848127365
v -0.05064366012811661 1.8764328956604004 0.0041074976325035095
v -0.05376100167632103 1.870926022529602 0.001976999919861555
v -0.052105169743299484 1.8742618560791016 0.01125766895711422
v -0.0949459969997406 1.756924033164978 -0.011346999555826187
v -0.10199306160211563 1.7503491640090942 -0.008680464699864388
v -0.06075799837708473 1.8593900203704834 -0.051020000129938126
v -0.0701373741030693 1.8561290502548218 -0.049839675426483154
v -0.06775899976491928 1.8558059930801392 -0.04459499940276146
v -0.07689978182315826 1.8520950078964233 -0.04295967146754265
v -0.0674929991364479 1.845978021621704 -0.0665379986166954
v -0.07570614665746689 1.8408145904541016 -0.06896360218524933
v -0.05635799840092659 1.8669079542160034 -0.03717600181698799
v -0.06066848337650299 1.869581937789917 -0.02855803817510605
v -0.057638999074697495 1.8504829406738281 -0.07345700263977051
v -0.06619639694690704 1.8458143472671509 -0.07568743824958801
v -0.05776499956846237 1.8443089723587036 -0.08187799900770187
v -0.06597830355167389 1.839248776435852 -0.08451160788536072
v -0.05982699990272522 1.8458080291748047 -0.07733000069856644
v -0.06816251575946808 1.8408844470977783 -0.07983546704053879
v -0.06681399792432785 1.8441989421844482 -0.07029400020837784
v -0.07482103258371353 1.83872652053833 -0.07273122668266296
v -0.07122299820184708 1.8349820375442505 -0.07602900266647339
v -0.07864362001419067 1.8287806510925293 -0.07857413589954376
v -0.0688679963350296 1.839419960975647 -0.07369700074195862
v -0.07674001157283783 1.8337990045547485 -0.07623402774333954
v -0.07183200120925903 1.8469159603118896 -0.056526001542806625
v -0.08019178360700607 1.8417524099349976 -0.05838395282626152
v -0.07193099707365036 1.8422499895095825 -0.06485900282859802
v -0.07997530698776245 1.8368115425109863 -0.0672491118311882
v -0.06996200233697891 1.8519359827041626 -0.04919999837875366
v -0.07886779308319092 1.8474258184432983 -0.0497879683971405
v -0.07238099724054337 1.854928970336914 -0.030925000086426735
v -0.08035032451152802 1.8522999286651611 -0.025486445054411888
v -0.06834899634122849 1.8565850257873535 -0.0405149981379509
v -0.0769723653793335 1.8540195226669312 -0.036149702966213226
v -0.06567499786615372 1.8598660230636597 -0.03646999970078468
v -0.07257566601037979 1.8598860502243042 -0.02923256903886795
v -0.06794200092554092 1.8591179847717285 -0.031099999323487282
v -0.07456506043672562 1.8585714101791382 -0.023627623915672302
v -0.06834899634122849 1.8565850257873535 -0.0405149981379509
v -0.0769723653793335 1.8540195226669312 -0.036149702966213226
v -0.06100400164723396 1.8636020421981812 -0.03685000166296959
v -0.06632810086011887 1.865323543548584 -0.028562042862176895
v -0.06330700218677521 1.8630620241165161 -0.03129100054502487
v -0.06814631074666977 1.8644791841506958 -0.02265545353293419
v -0.0852850005030632 1.7012939453125 0.02217799983918667
v -0.08924595266580582 1.6921151876449585 0.02193181775510311
v -0.05951699987053871 1.7687410116195679 -0.11411499977111816
v -0.05978100374341011 1.760826826095581 -0.1202220767736435
v -0.06185999885201454 1.7731679677963257 -0.11282400041818619
v -0.062146030366420746 1.7652411460876465 -0.11891364306211472
v -0.0617390014231205 1.7644389867782593 -0.11247099936008453
v -0.06201000511646271 1.7565020322799683 -0.11854804307222366
v -0.0520550012588501 1.793418049812317 -0.11668200045824051
v -0.05295301228761673 1.7854118347167969 -0.1226060688495636
v -0.053814999759197235 1.7856090068817139 -0.11706800013780594
v -0.054283030331134796 1.7776585817337036 -0.12311539798974991
v -0.05387499928474426 1.7773979902267456 -0.11765199899673462
v -0.05417000502347946 1.769481897354126 -0.12375511229038239
v -0.05020499974489212 1.759132981300354 -0.11851800233125687
v -0.05053698644042015 1.7512623071670532 -0.12467772513628006
v -0.05683400109410286 1.7624859809875488 -0.11531200259923935
v -0.05711202323436737 1.7545803785324097 -0.12142948806285858
v -0.056696999818086624 1.755208969116211 -0.1143840029835701
v -0.05703500285744667 1.7473208904266357 -0.12052109837532043
v -0.058722998946905136 1.7582780122756958 -0.11356300115585327
v -0.05902900546789169 1.7503808736801147 -0.11969010531902313
v -0.06501399725675583 1.7617030143737793 -0.10981900244951248
v -0.06530500948429108 1.753782868385315 -0.11591708660125732
v -0.06483300030231476 1.7548190355300903 -0.10891799628734589
v -0.06515800207853317 1.746917963027954 -0.11503902077674866
v -0.06365299969911575 1.7682980298995972 -0.11130999773740768
v -0.0639440044760704 1.7604198455810547 -0.11746212840080261
v -0.0664609968662262 1.7821500301361084 -0.10895200073719025
v -0.06704701483249664 1.7741799354553223 -0.1149631217122078
v -0.06642799824476242 1.7745349407196045 -0.10944300144910812
v -0.06679899245500565 1.7666041851043701 -0.11552286148071289
v -0.06085500121116638 1.7909749746322632 -0.1118130013346672
v -0.06170900911092758 1.7829669713974 -0.11774104088544846
v -0.06315000355243683 1.7946339845657349 -0.10944700241088867
v -0.06444802135229111 1.7865818738937378 -0.11523307859897614
v -0.05889499932527542 1.7878990173339844 -0.11378499865531921
v -0.05950803682208061 1.7799235582351685 -0.11978635936975479
v -0.05649099871516228 1.7922860383987427 -0.114376001060009
v -0.05734102055430412 1.7842857837677002 -0.12031516432762146
v -0.05885700136423111 1.7961269617080688 -0.11212299764156342
v -0.06011003628373146 1.7880858182907104 -0.11793418228626251
v -0.05889499932527542 1.7878990173339844 -0.11378499865531921
v -0.05950803682208061 1.7799235582351685 -0.11978635936975479
v -0.013554999604821205 1.8219159841537476 -0.11751999706029892
v -0.018695130944252014 1.8163926601409912 -0.12408287823200226
v -0.010510999709367752 1.8280370235443115 -0.11400499939918518
v -0.01620902121067047 1.8229336738586426 -0.120446115732193
v -0.016290999948978424 1.829226016998291 -0.11256899684667587
v -0.021676773205399513 1.8238131999969482 -0.11902610957622528
v -0.021400000900030136 1.8215539455413818 -0.11648199707269669
v -0.025754332542419434 1.8155070543289185 -0.12315095216035843
v -0.018612999469041824 1.827731966972351 -0.1131419986486435
v -0.023701008409261703 1.8221083879470825 -0.11966022849082947
v -0.024039000272750854 1.8287789821624756 -0.11151400208473206
v -0.028728211298584938 1.8227757215499878 -0.11799263209104538
v -0.013779999688267708 1.8342950344085693 -0.10883200168609619
v -0.01977316290140152 1.8301005363464355 -0.11565021425485611
v -0.010697999969124794 1.8401670455932617 -0.10424499958753586
v -0.01728661358356476 1.8364487886428833 -0.11078444868326187
v -0.016589999198913574 1.8412139415740967 -0.10268799960613251
v -0.023525798693299294 1.8374640941619873 -0.10883887857198715
v -0.02175300009548664 1.8338650465011597 -0.10794699937105179
v -0.02737422287464142 1.8291312456130981 -0.11472881585359573
v -0.01894799992442131 1.8397599458694458 -0.1035429984331131
v -0.025766542181372643 1.8358579874038696 -0.10973027348518372
v -0.024473000317811966 1.8406449556350708 -0.10183300077915192
v -0.03225110098719597 1.837187647819519 -0.10708165913820267
v -0.02175300009548664 1.8338650465011597 -0.10794699937105179
v -0.02737422287464142 1.8291312456130981 -0.11472881585359573
v -0.002076999982818961 1.815364956855774 -0.12214100360870361
v -0.00025414174888283014 1.8083361387252808 -0.12901656329631805
v -0.007934999652206898 1.8167840242385864 -0.12122499942779541
v -0.009226400405168533 1.809844732284546 -0.12830865383148193
v -0.005249999929219484 1.809059977531433 -0.12485300004482269
v -0.0033729244023561478 1.802007794380188 -0.13168984651565552
v -0.010362000204622746 1.8152819871902466 -0.12167199701070786
v -0.01276528649032116 1.8083468675613403 -0.1284637600183487
v -0.023677999153733253 1.8162440061569214 -0.11912500113248825
v -0.02743644453585148 1.8092091083526611 -0.1251569539308548
v -0.02114100009202957 1.8087329864501953 -0.12289600074291229
v -0.024484699591994286 1.801676869392395 -0.12914352118968964
v -0.018404999747872353 1.8150420188903809 -0.12065699696540833
v -0.022457625716924667 1.8082525730133057 -0.12677903473377228
v -0.03056900016963482 1.8157509565353394 -0.11771000176668167
v -0.033866994082927704 1.8084115982055664 -0.1236477866768837
v -0.028226999565958977 1.808372974395752 -0.12141299992799759
v -0.031296007335186005 1.801012635231018 -0.12744681537151337
v -0.02615400031208992 1.826522946357727 -0.11244600266218185
v -0.030532540753483772 1.820349931716919 -0.1189822107553482
v -0.03103099949657917 1.828163981437683 -0.11031199991703033
v -0.03535716235637665 1.8217284679412842 -0.11662612855434418
v -0.02858000062406063 1.8210639953613281 -0.11519700288772583
v -0.03236867114901543 1.8145512342453003 -0.12177198380231857
v -0.026606999337673187 1.8391510248184204 -0.10261300206184387
v -0.034370265901088715 1.8355913162231445 -0.1078149601817131
v -0.031571999192237854 1.839900016784668 -0.1008559986948967
v -0.040449969470500946 1.8371460437774658 -0.10454343259334564
v -0.02911200001835823 1.833469033241272 -0.10668300092220306
v -0.03511384502053261 1.8290519714355469 -0.11335138231515884
v -0.027098000049591064 1.8501189947128296 -0.09122800081968307
v -0.03679996356368065 1.8495569229125977 -0.09358511120080948
v -0.024939000606536865 1.8515479564666748 -0.09016499668359756
v -0.0345921590924263 1.8510181903839111 -0.09272154420614243
v -0.022158000618219376 1.8453840017318726 -0.09737800061702728
v -0.03086075931787491 1.843645453453064 -0.10198663920164108
v -0.010924999602138996 1.8515950441360474 -0.09227100014686584
v -0.01923149637877941 1.8502223491668701 -0.09766709804534912
v -0.016954999417066574 1.8525340557098389 -0.09051699936389923
v -0.025977572426199913 1.8516944646835327 -0.09474645555019379
v -0.014072000049054623 1.8461990356445312 -0.09779100120067596
v -0.02171836420893669 1.8444533348083496 -0.10399466753005981
v -0.010924999602138996 1.8515950441360474 -0.09227100014686584
v -0.01923149637877941 1.8502223491668701 -0.09766709804534912
v -0.016954999417066574 1.8525340557098389 -0.09051699936389923
v -0.025977572426199913 1.8516944646835327 -0.09474645555019379
v -0.0054870001040399075 1.846235990524292 -0.09850899875164032
v -0.012606572359800339 1.8438276052474976 -0.10510532557964325
v -0.00215999991632998 1.8516119718551636 -0.09275799989700317
v -0.009743277914822102 1.8495874404907227 -0.09895437210798264
v -0.008349999785423279 1.8527029752731323 -0.09128999710083008
v -0.016623444855213165 1.851009488105774 -0.09664558619260788
v -0.0054870001040399075 1.846235990524292 -0.09850899875164032
v -0.012606572359800339 1.8438276052474976 -0.10510532557964325
v -0.00215999991632998 1.8516119718551636 -0.09275799989700317
v -0.009743277914822102 1.8495874404907227 -0.09895437210798264
v -0.008194000460207462 1.841560959815979 -0.10328300297260284
v -0.014868713915348053 1.8379607200622559 -0.10980118066072464
v -0.005390999838709831 1.834522008895874 -0.10936299711465836
v -0.01151643693447113 1.830777883529663 -0.11632436513900757
v -0.002096999902278185 1.8287400007247925 -0.11403500288724899
v -0.007101914845407009 1.8235344886779785 -0.12095261365175247
v -0.0660260021686554 1.681331992149353 -0.04977000132203102
v -0.06740165501832962 1.6719329357147217 -0.052895016968250275
v -0.06887000054121017 1.6868170499801636 -0.05077100172638893
v -0.07048191130161285 1.6774771213531494 -0.053959768265485764
v -0.0710119977593422 1.6870700120925903 -0.045207999646663666
v -0.07293332368135452 1.67760169506073 -0.047788459807634354
v -0.07097499817609787 1.6945300102233887 -0.05754699930548668
v -0.0728362500667572 1.6854311227798462 -0.06125447526574135
v -0.06439600139856339 1.6784030199050903 -0.04965300112962723
v -0.0656895637512207 1.6689603328704834 -0.05267999321222305
v -0.06248600035905838 1.6746569871902466 -0.04950400069355965
v -0.06372856348752975 1.665157437324524 -0.05236991494894028
v -0.07651899755001068 1.8092880249023438 -0.08951099961996078
v -0.08286499232053757 1.8016433715820312 -0.09064553678035736
v -0.07788699865341187 1.8016090393066406 -0.09077800065279007
v -0.0839778408408165 1.7937968969345093 -0.09214618802070618
v -0.07866200059652328 1.8160630464553833 -0.08213700354099274
v -0.08509857207536697 1.8085815906524658 -0.08374914526939392
v -0.07168299704790115 1.8024020195007324 -0.09890399873256683
v -0.07635560631752014 1.794232964515686 -0.1022852286696434
v -0.07027199864387512 1.7969770431518555 -0.10224299877882004
v -0.07329181581735611 1.7887992858886719 -0.10714244097471237
v -0.06930399686098099 1.8028429746627808 -0.10130400210618973
v -0.07341503351926804 1.7946319580078125 -0.10526373237371445
v -0.07826600223779678 1.7969130277633667 -0.09194699674844742
v -0.08382730931043625 1.7888637781143188 -0.09401634335517883
v -0.07664100080728531 1.7922580242156982 -0.09556800127029419
v -0.08064229041337967 1.7840811014175415 -0.09970654547214508
v -0.08039899915456772 1.80388605594635 -0.0859220027923584
v -0.08661287277936935 1.796161413192749 -0.08723260462284088
v -0.08407100290060043 1.8102140426635742 -0.07619299739599228
v -0.09041629731655121 1.8026560544967651 -0.07780984044075012
v -0.08204399794340134 1.8068050146102905 -0.08166900277137756
v -0.08831996470689774 1.799178957939148 -0.08323623985052109
v -0.08187499642372131 1.8122349977493286 -0.07912500202655792
v -0.08820440620183945 1.8046499490737915 -0.08067583292722702
v -0.08509500324726105 1.8173389434814453 -0.06896799802780151
v -0.09149089455604553 1.8098315000534058 -0.07062075287103653
v -0.08369600027799606 1.814602017402649 -0.07393299788236618
v -0.09016241878271103 1.8071640729904175 -0.07562489062547684
v -0.07611200213432312 1.8279789686203003 -0.07615099847316742
v -0.08310239017009735 1.821189045906067 -0.07839425653219223
v -0.07890299707651138 1.8261489868164062 -0.07346600294113159
v -0.08575276285409927 1.81918203830719 -0.0755973532795906
v -0.07320000231266022 1.8261899948120117 -0.08210700005292892
v -0.08029193431138992 1.8194851875305176 -0.08428643643856049
v -0.07133699953556061 1.8234570026397705 -0.08708100020885468
v -0.07802258431911469 1.8162286281585693 -0.08882850408554077
v -0.07425100356340408 1.8220750093460083 -0.08443299680948257
v -0.08098389208316803 1.8149372339248657 -0.08636198192834854
v -0.07120899856090546 1.8072760105133057 -0.09720399975776672
v -0.07724055647850037 1.79959237575531 -0.09934468567371368
v -0.08838000148534775 1.8007149696350098 -0.07058099657297134
v -0.09469170868396759 1.7931691408157349 -0.07237619906663895
v -0.0876149982213974 1.7948520183563232 -0.07475899904966354
v -0.09370692074298859 1.7871818542480469 -0.07677330821752548
v -0.08537899702787399 1.7928290367126465 -0.08024100214242935
v -0.09130041301250458 1.7850357294082642 -0.08229083567857742
v -0.08891600370407104 1.789715051651001 -0.07285100221633911
v -0.09483416378498077 1.78203284740448 -0.07529230415821075
v -0.08828599750995636 1.7845959663391113 -0.07578399777412415
v -0.09381747245788574 1.776746153831482 -0.07857374846935272
v -0.08752699941396713 1.7889879941940308 -0.07648500055074692
v -0.09327947348356247 1.7811676263809204 -0.07888302952051163
v -0.08754699677228928 1.8121269941329956 -0.06656099855899811
v -0.09396075457334518 1.8046168088912964 -0.06812967360019684
v -0.08693700283765793 1.8069360256195068 -0.07147199660539627
v -0.09333891421556473 1.799420714378357 -0.07306447625160217
v -0.08448000252246857 1.804489016532898 -0.07798700034618378
v -0.09082964062690735 1.7969229221343994 -0.07954765111207962
v -0.08473300188779831 1.797813057899475 -0.08014599978923798
v -0.0908278152346611 1.7900758981704712 -0.08187522739171982
v -0.08266600221395493 1.7837790250778198 -0.08761899918317795
v -0.08763732016086578 1.7755482196807861 -0.09036493301391602
v -0.0840580016374588 1.7850500345230103 -0.08472999930381775
v -0.08935528993606567 1.7769464254379272 -0.0872340276837349
v -0.08562300354242325 1.7864309549331665 -0.08134400099515915
v -0.09113660454750061 1.7784727811813354 -0.08384764194488525
v -0.0910089984536171 1.7870529890060425 -0.06747700273990631
v -0.09711889922618866 1.7795732021331787 -0.07006965577602386
v -0.09152200073003769 1.7971270084381104 -0.061907000839710236
v -0.09817851334810257 1.7899713516235352 -0.06402548402547836
v -0.09240400046110153 1.7967009544372559 -0.05840900167822838
v -0.0991218313574791 1.7896461486816406 -0.06066728010773659
v -0.0907140001654625 1.822268009185791 -0.019392000511288643
v -0.09644424915313721 1.8146166801452637 -0.016455795615911484
v -0.09091100096702576 1.8200470209121704 -0.014821000397205353
v -0.09673605114221573 1.8125131130218506 -0.011769830249249935
v -0.09013800323009491 1.8242809772491455 -0.018207000568509102
v -0.09574144333600998 1.816670298576355 -0.014939241111278534
v -0.08948999643325806 1.8220930099487305 -0.0031270000617951155
v -0.09488712251186371 1.8141834735870361 -0.00024426146410405636
v -0.0864420011639595 1.832685947418213 -0.0033130000811070204
v -0.09215103834867477 1.8253172636032104 0.00030773086473345757
v -0.08861300349235535 1.830132007598877 -0.02686000056564808
v -0.09487487375736237 1.8224906921386719 -0.025311298668384552
v -0.09110400080680847 1.8214600086212158 -0.028005000203847885
v -0.09758134931325912 1.813896894454956 -0.027086380869150162
v -0.092010997235775 1.7673020362854004 0.014170000329613686
v -0.09744572639465332 1.7589688301086426 0.01518050767481327
v -0.09237600117921829 1.751194953918457 0.01817600056529045
v -0.09809549152851105 1.7429989576339722 0.017839794978499413
v -0.09181199967861176 1.7625939846038818 0.018262000754475594
v -0.09741073101758957 1.7543305158615112 0.01886940374970436
v -0.09176699817180634 1.7603930234909058 0.01998100057244301
v -0.09744585305452347 1.7521723508834839 0.02039528079330921
v -0.0909309983253479 1.7714519500732422 0.01972999982535839
v -0.09619522094726562 1.763053059577942 0.021051308140158653
v -0.0929040014743805 1.760748028755188 0.009185999631881714
v -0.09865584969520569 1.7525805234909058 0.00964230578392744
v -0.09285300225019455 1.7522759437561035 0.011033999733626842
v -0.0987117663025856 1.7441747188568115 0.010820862837135792
v -0.09256300330162048 1.7506760358810425 0.015255999751389027
v -0.09830212593078613 1.7424945831298828 0.01490180753171444
v -0.07682999968528748 1.7089509963989258 -0.0650160014629364
v -0.07937886565923691 1.700095534324646 -0.06889989227056503
v -0.07371900230646133 1.6999859809875488 -0.05919399857521057
v -0.0757821574807167 1.6909140348434448 -0.06286061555147171
v -0.07506400346755981 1.6984859704971313 -0.05340699851512909
v -0.07747398316860199 1.689269781112671 -0.056449033319950104
v -0.07530199736356735 1.698099970817566 -0.052156001329422
v -0.07779975980520248 1.6888370513916016 -0.05497724935412407
v -0.07955899834632874 1.7078230381011963 -0.05659500136971474
v -0.082735076546669 1.698751449584961 -0.05935540795326233
v -0.08097200095653534 1.7105259895324707 -0.05713300034403801
v -0.084381103515625 1.7014864683151245 -0.059714868664741516
v -0.0799579992890358 1.7099039554595947 -0.058793000876903534
v -0.08309188485145569 1.7008839845657349 -0.06176263466477394
v -0.05212299898266792 1.6507289409637451 -0.053109001368284225
v -0.05525251850485802 1.641276240348816 -0.05403251573443413
v -0.051674000918865204 1.6609699726104736 -0.05712199956178665
v -0.053448714315891266 1.6514166593551636 -0.05948527157306671
v -0.07942800223827362 1.788409948348999 0.06314600259065628
v -0.08385276794433594 1.7797527313232422 0.06548552215099335
v -0.08079700171947479 1.7874350547790527 0.059668999165296555
v -0.08538539707660675 1.7788065671920776 0.06178956851363182
v -0.010227999649941921 1.7756719589233398 -0.1320360004901886
v -0.00834475178271532 1.767777919769287 -0.13787877559661865
v -0.023271000012755394 1.7775219678878784 -0.12945100665092468
v -0.023742035031318665 1.7694944143295288 -0.13539545238018036
v -0.020860999822616577 1.770279049873352 -0.1301179975271225
v -0.020747952163219452 1.76231050491333 -0.13615863025188446
v -0.01806800067424774 1.7763240337371826 -0.1306779980659485
v -0.01699165441095829 1.7683149576187134 -0.1365683674812317
v -0.01583399996161461 1.7903549671173096 -0.12949800491333008
v -0.01404392346739769 1.7826390266418457 -0.13560207188129425
v -0.013287999667227268 1.7827810049057007 -0.1309109926223755
v -0.011346040293574333 1.7749431133270264 -0.13680988550186157
v -0.010240999981760979 1.789005994796753 -0.13050900399684906
v -0.008267066441476345 1.781306266784668 -0.1365767866373062
v -0.023333000019192696 1.79072105884552 -0.12787500023841858
v -0.024733861908316612 1.7826851606369019 -0.13365955650806427
v -0.005164000205695629 1.7580900192260742 -0.13212600350379944
v -0.0035612517967820168 1.7498259544372559 -0.13752388954162598
v -0.0020540000405162573 1.7634299993515015 -0.1327199935913086
v -0.00030587136279791594 1.7553327083587646 -0.1383216232061386
v -0.007794000208377838 1.7649890184402466 -0.1324779987335205
v -0.006017805077135563 1.7569845914840698 -0.13820284605026245
v -0.020659999921917915 1.7584049701690674 -0.12957799434661865
v -0.020573971793055534 1.75057852268219 -0.1358020305633545
v -0.025150999426841736 1.7640340328216553 -0.12887300550937653
v -0.025461003184318542 1.7561728954315186 -0.1350460797548294
v -0.02994300052523613 1.7780040502548218 -0.12758399546146393
v -0.030595073476433754 1.7700531482696533 -0.1336136758327484
v -0.02775700017809868 1.7702529430389404 -0.12826800346374512
v -0.0282059907913208 1.7622971534729004 -0.13430988788604736
v -0.025398999452590942 1.7888619899749756 -0.12759099900722504
v -0.026859210804104805 1.7808188199996948 -0.13335083425045013
v -0.030069999396800995 1.7900999784469604 -0.12617500126361847
v -0.031518951058387756 1.7820792198181152 -0.13196881115436554
v -0.028020000085234642 1.7955009937286377 -0.12549400329589844
v -0.030102256685495377 1.7875339984893799 -0.1311676949262619
v -0.025515999644994736 1.8018180131912231 -0.1244949996471405
v -0.02815503440797329 1.7939518690109253 -0.1300770789384842
v -0.030230000615119934 1.8037159442901611 -0.12279199808835983
v -0.03279400244355202 1.7957600355148315 -0.12828101217746735
v -0.028020000085234642 1.7955009937286377 -0.12549400329589844
v -0.030102256685495377 1.7875339984893799 -0.1311676949262619
v -0.01817600056529045 1.8020520210266113 -0.126010000705719
v -0.019377203658223152 1.7943358421325684 -0.13225646317005157
v -0.023437000811100006 1.8033210039138794 -0.12459199875593185
v -0.026182211935520172 1.795527458190918 -0.13022443652153015
v -0.02100300043821335 1.7957119941711426 -0.127142995595932
v -0.022365814074873924 1.7878365516662598 -0.1331530064344406
v -0.01817600056529045 1.8020520210266113 -0.126010000705719
v -0.019377203658223152 1.7943358421325684 -0.13225646317005157
v -0.023437000811100006 1.8033210039138794 -0.12459199875593185
v -0.026182211935520172 1.795527458190918 -0.13022443652153015
v -0.02100300043821335 1.7957119941711426 -0.127142995595932
v -0.022365814074873924 1.7878365516662598 -0.1331530064344406
v -0.01817600056529045 1.8020520210266113 -0.126010000705719
v -0.019377203658223152 1.7943358421325684 -0.13225646317005157
v -0.023437000811100006 1.8033210039138794 -0.12459199875593185
v -0.026182211935520172 1.795527458190918 -0.13022443652153015
v -0.013306000269949436 1.7958149909973145 -0.12851500511169434
v -0.011413490399718285 1.7884039878845215 -0.1349567323923111
v -0.0020649998914450407 1.8022149801254272 -0.1276949942111969
v 6.244983524084091e-06 1.7946652173995972 -0.1339167356491089
v -0.007867000065743923 1.8036450147628784 -0.1269969940185547
v -0.005897958762943745 1.7961888313293457 -0.13336312770843506
v -0.005224999971687794 1.7958619594573975 -0.1293330043554306
v -0.003177141072228551 1.7883237600326538 -0.13557662069797516
v -0.0020600000862032175 1.7890039682388306 -0.1310970038175583
v 1.0954216122627258e-05 1.781299114227295 -0.1371258646249771
v -0.007833000272512436 1.7904349565505981 -0.1305769979953766
v -0.005811037961393595 1.7827731370925903 -0.1366768777370453
v -0.00520200002938509 1.7700200080871582 -0.1326099932193756
v -0.003310333238914609 1.7621632814407349 -0.13850006461143494
v -0.0020600000862032175 1.7758469581604004 -0.13265900313854218
v -9.482726454734802e-05 1.768093228340149 -0.1386605203151703
v -0.007823999971151352 1.7775629758834839 -0.13227799534797668
v -0.005841737613081932 1.7697418928146362 -0.1381857693195343
v -0.042511001229286194 1.6570199728012085 -0.06493999809026718
v -0.04438788816332817 1.6475203037261963 -0.06743649393320084
v -0.09300799667835236 1.7597800493240356 0.00851999968290329
v -0.09879929572343826 1.7516368627548218 0.008907287381589413
v -0.09304799884557724 1.7550100088119507 0.008965999819338322
v -0.0989372506737709 1.7469282150268555 0.009004026651382446
v -0.040355000644922256 1.864657998085022 0.05165499821305275
v -0.03632145747542381 1.8654637336730957 0.06076989322900772
v -0.05133200064301491 1.8585519790649414 0.05199199914932251
v -0.04951927810907364 1.858195424079895 0.06181986629962921
v -0.032660000026226044 1.8650829792022705 0.056407999247312546
v -0.02749643847346306 1.865187406539917 0.06497110426425934
v -0.03471300005912781 1.8660249710083008 0.053029000759124756
v -0.029805393889546394 1.866828441619873 0.06170482188463211
v -0.03725599870085716 1.8672339916229248 0.04849100112915039
v -0.03299156576395035 1.868186116218567 0.05748589709401131
v -0.03310300037264824 1.868643045425415 0.04830799996852875
v -0.028431851416826248 1.8696832656860352 0.05708855763077736
v -0.03471300005912781 1.8660249710083008 0.053029000759124756
v -0.029805393889546394 1.866828441619873 0.06170482188463211
v -0.03821000084280968 1.8732789754867554 0.029023999348282814
v -0.03453848510980606 1.8751765489578247 0.03812999650835991
v -0.045162998139858246 1.8711620569229126 0.02672800049185753
v -0.04236731678247452 1.8731656074523926 0.036117881536483765
v -0.04637400060892105 1.8689149618148804 0.03255999833345413
v -0.044238489121198654 1.8705713748931885 0.04218786954879761
v -0.05190800130367279 1.8616310358047485 0.044470999389886856
v -0.05000409856438637 1.8621983528137207 0.05427167937159538
v -0.08956299722194672 1.8224600553512573 -0.04662200063467026
v -0.09622155129909515 1.8150430917739868 -0.04742943122982979
v -0.09003199636936188 1.8187099695205688 -0.04974199831485748
v -0.09669101983308792 1.811322569847107 -0.05078262835741043
v -0.09058800339698792 1.8142869472503662 -0.05308400094509125
v -0.09726319462060928 1.8069425821304321 -0.05430940166115761
v -0.09272900223731995 1.8129290342330933 -0.0359949991106987
v -0.09980835020542145 1.8058737516403198 -0.036319199949502945
v -0.09296900033950806 1.8120030164718628 -0.031192999333143234
v -0.10004106163978577 1.804932951927185 -0.031179992482066154
v -0.0923210009932518 1.8150789737701416 -0.03527599945664406
v -0.09933847188949585 1.8079605102539062 -0.03556318208575249
v -0.09133800119161606 1.8194630146026611 -0.03667699918150902
v -0.09813934564590454 1.812138319015503 -0.036977190524339676
v -0.08997900038957596 1.825234055519104 -0.03173099830746651
v -0.09660202264785767 1.8177502155303955 -0.03137367591261864
v -0.08888799697160721 1.828042984008789 -0.03648899868130684
v -0.09555136412382126 1.8205870389938354 -0.036577071994543076
v -0.08729799836874008 1.8320399522781372 -0.0380220003426075
v -0.09416310489177704 1.8247696161270142 -0.03813209757208824
v -0.08788999915122986 1.8315260410308838 -0.03196199983358383
v -0.09455861896276474 1.8240946531295776 -0.03141045197844505
v -0.08891099691390991 1.8246480226516724 -0.046073999255895615
v -0.09556187689304352 1.8172247409820557 -0.04688647389411926
v -0.09243500232696533 1.80629301071167 -0.051330000162124634
v -0.0993097573518753 1.7991892099380493 -0.052838169038295746
v -0.0929500013589859 1.8067070245742798 -0.04639400169253349
v -0.10000018030405045 1.7996808290481567 -0.04735743626952171
v -0.08108700066804886 1.7936079502105713 0.056644000113010406
v -0.08576681464910507 1.7850686311721802 0.058919887989759445
v -0.07935900241136551 1.7940119504928589 0.0614439994096756
v -0.08388401567935944 1.7854723930358887 0.0640132799744606
v -0.07568199932575226 1.7970210313796997 0.06858500093221664
v -0.08018629252910614 1.7885818481445312 0.07149913161993027
v -0.0768129974603653 1.7972749471664429 0.06615199893712997
v -0.08137314021587372 1.7888333797454834 0.06897056102752686
v -0.07665199786424637 1.804738998413086 0.06305699795484543
v -0.0814618170261383 1.7964696884155273 0.06596992164850235
v -0.07745400071144104 1.8043609857559204 0.061368998140096664
v -0.08223500847816467 1.7960249185562134 0.06413532793521881
v -0.08235199749469757 1.7971969842910767 0.051061000674963
v -0.08721321821212769 1.7887136936187744 0.053159091621637344
v -0.08224699646234512 1.794538974761963 0.05253800004720688
v -0.08710305392742157 1.7860208749771118 0.05450301989912987
v -0.08571700006723404 1.730605959892273 -0.07152199745178223
v -0.08932450413703918 1.7218170166015625 -0.07464290410280228
v -0.09019500017166138 1.7391760349273682 -0.06851299852132797
v -0.094376340508461 1.730600118637085 -0.07150810956954956
v -0.08551699668169022 1.7395670413970947 -0.07916299998760223
v -0.08873632550239563 1.730875015258789 -0.08291587233543396
v -0.08416900038719177 1.730849027633667 -0.07502900063991547
v -0.0872306302189827 1.7220656871795654 -0.07870034873485565
v -0.0838790014386177 1.7228209972381592 -0.06705500185489655
v -0.08732856065034866 1.7139452695846558 -0.07010804116725922
v -0.08511000126600266 1.7267810106277466 -0.06895700097084045
v -0.08887746930122375 1.7180373668670654 -0.0720154419541359
v -0.08510500192642212 1.7245409488677979 -0.06620799750089645
v -0.08885115385055542 1.7156997919082642 -0.06900084763765335
v -0.01684200018644333 1.8693959712982178 -0.06397700309753418
v -0.026478134095668793 1.8717200756072998 -0.06265667825937271
v -0.017633000388741493 1.8637460470199585 -0.07430200278759003
v -0.02749369665980339 1.864932656288147 -0.07546758651733398
v -0.01256799977272749 1.8667349815368652 -0.06966900080442429
v -0.02238442748785019 1.8682104349136353 -0.07087768614292145
v -0.01684200018644333 1.8693959712982178 -0.06397700309753418
v -0.026478134095668793 1.8717200756072998 -0.06265667825937271
v -0.017633000388741493 1.8637460470199585 -0.07430200278759003
v -0.02749369665980339 1.864932656288147 -0.07546758651733398
v -0.021385999396443367 1.8732190132141113 -0.05391500145196915
v -0.028813278302550316 1.8772249221801758 -0.04854957014322281
v -0.02542399987578392 1.8750059604644775 -0.0477450005710125
v -0.0295268464833498 1.8798885345458984 -0.04004257917404175
v -0.026145000010728836 1.8705949783325195 -0.0587799996137619
v -0.034564144909381866 1.8737446069717407 -0.054398465901613235
v -0.021385999396443367 1.8732190132141113 -0.05391500145196915
v -0.028813278302550316 1.8772249221801758 -0.04854957014322281
v -0.02515299990773201 1.8685439825057983 -0.06338299810886383
v -0.03437773138284683 1.8714147806167603 -0.060801804065704346
v -0.025748999789357185 1.8630249500274658 -0.07350300252437592
v -0.03558187186717987 1.8648395538330078 -0.07335589826107025
v -0.02111399918794632 1.8659570217132568 -0.06933200359344482
v -0.030932605266571045 1.8678102493286133 -0.06893157213926315
v -0.02515299990773201 1.8685439825057983 -0.06338299810886383
v -0.03437773138284683 1.8714147806167603 -0.060801804065704346
v -0.025748999789357185 1.8630249500274658 -0.07350300252437592
v -0.03558187186717987 1.8648395538330078 -0.07335589826107025
v -0.0036750000435858965 1.8800179958343506 -0.03802900016307831
v -0.003881922224536538 1.8851850032806396 -0.02946985326707363
v -0.008125999942421913 1.8814059495925903 -0.03190299868583679
v -0.0037397723644971848 1.8860650062561035 -0.024218298494815826
v -0.009034999646246433 1.8722920417785645 -0.05953099951148033
v -0.018601927906274796 1.874886155128479 -0.05821027606725693
v -0.0036090000066906214 1.8671250343322754 -0.06984400004148483
v -0.013079367578029633 1.8682150840759277 -0.07286456972360611
v -0.007993999868631363 1.8701770305633545 -0.06393399834632874
v -0.017774730920791626 1.8720371723175049 -0.06487062573432922
v -0.00889699999243021 1.86434805393219 -0.07462599873542786
v -0.018434684723615646 1.8651443719863892 -0.07752401381731033
v -0.0036090000066906214 1.8671250343322754 -0.06984400004148483
v -0.013079367578029633 1.8682150840759277 -0.07286456972360611
v -0.007993999868631363 1.8701770305633545 -0.06393399834632874
v -0.017774730920791626 1.8720371723175049 -0.06487062573432922
v -0.00889699999243021 1.86434805393219 -0.07462599873542786
v -0.018434684723615646 1.8651443719863892 -0.07752401381731033
v -0.0035639998968690634 1.8584320545196533 -0.08369000256061554
v -0.012278109788894653 1.8579154014587402 -0.08856824785470963
v -0.007873999886214733 1.861618995666504 -0.07895799726247787
v -0.017137935385107994 1.8616371154785156 -0.08272352069616318
v -0.008743000216782093 1.8547090291976929 -0.08869999647140503
v -0.017176885157823563 1.8535085916519165 -0.0939372256398201
v -0.0035639998968690634 1.8584320545196533 -0.08369000256061554
v -0.012278109788894653 1.8579154014587402 -0.08856824785470963
v -0.007873999886214733 1.861618995666504 -0.07895799726247787
v -0.017137935385107994 1.8616371154785156 -0.08272352069616318
v -0.017324000597000122 1.8542159795761108 -0.08826299756765366
v -0.026549171656370163 1.8535833358764648 -0.09207035601139069
v -0.012357999570667744 1.857625961303711 -0.08412899821996689
v -0.021704278886318207 1.8575596809387207 -0.08768465369939804
v -0.016586000099778175 1.8610639572143555 -0.07866500318050385
v -0.026300782337784767 1.8614832162857056 -0.08099891990423203
v -0.025350000709295273 1.8534719944000244 -0.08762399852275848
v -0.0350881963968277 1.8534588813781738 -0.08989717811346054
v -0.0207700002938509 1.8569890260696411 -0.08364400267601013
v -0.03055732697248459 1.8574578762054443 -0.08564110845327377
v -0.024790000170469284 1.860584020614624 -0.07767099887132645
v -0.034681107848882675 1.8615421056747437 -0.07878813147544861
v -0.025350000709295273 1.8534719944000244 -0.08762399852275848
v -0.0350881963968277 1.8534588813781738 -0.08989717811346054
v -0.028498999774456024 1.8561040163040161 -0.0830330029129982
v -0.03843121975660324 1.856826901435852 -0.08394315838813782
v -0.032568998634815216 1.8673269748687744 -0.0630050003528595
v -0.04190006107091904 1.869685411453247 -0.06029039993882179
v -0.033066000789403915 1.8617130517959595 -0.07334800064563751
v -0.04296216741204262 1.8629084825515747 -0.0725499838590622
v -0.02929599955677986 1.871994972229004 -0.053668998181819916
v -0.03629278019070625 1.875915288925171 -0.04769604280591011
v -0.032882001250982285 1.8736059665679932 -0.047593001276254654
v -0.037238072603940964 1.878230094909668 -0.03987014293670654
v -0.03376400098204613 1.8749890327453613 -0.04284700006246567
v -0.035834167152643204 1.8796672821044922 -0.034254640340805054
v -0.02949799969792366 1.8770960569381714 -0.03787099942564964
v -0.028986817225813866 1.8823966979980469 -0.029406841844320297
v -0.025598999112844467 1.8793410062789917 -0.03176499903202057
v -0.02292552776634693 1.884293794631958 -0.023499254137277603
v -0.02639099955558777 1.8764439821243286 -0.042987000197172165
v -0.027849938720464706 1.88130784034729 -0.03437222167849541
v -0.021550999954342842 1.8784619569778442 -0.03794100135564804
v -0.02059100940823555 1.8837991952896118 -0.0295390821993351
v -0.017139000818133354 1.8806140422821045 -0.031762998551130295
v -0.013841284438967705 1.8854892253875732 -0.023678570985794067
v -0.018061000853776932 1.8776710033416748 -0.043108999729156494
v -0.01963507942855358 1.8826286792755127 -0.03456830978393555
v -0.01283000037074089 1.8794939517974854 -0.037999000400304794
v -0.011789616197347641 1.8847882747650146 -0.0295795239508152
v -0.08933000266551971 1.7222260236740112 0.024320999160408974
v -0.09405988454818726 1.7134345769882202 0.02373976819217205
v -0.08869700133800507 1.7182790040969849 0.024824000895023346
v -0.09326666593551636 1.7094027996063232 0.024247663095593452
v -0.08350300043821335 1.8373119831085205 -0.044266000390052795
v -0.09104350954294205 1.8307809829711914 -0.04496406391263008
v -0.08140599727630615 1.8385950326919556 -0.04932599887251854
v -0.08939164876937866 1.8326877355575562 -0.05048040673136711
v -0.08117599785327911 1.8420740365982056 -0.04145599901676178
v -0.08919103443622589 1.8361021280288696 -0.04176461696624756
v -0.07923900336027145 1.837730050086975 -0.05685900151729584
v -0.08705136179924011 1.8317679166793823 -0.05870829522609711
v -0.07720000296831131 1.8375860452651978 -0.06196200102567673
v -0.08512809127569199 1.8318819999694824 -0.06410879641771317
v -0.08378399908542633 1.8274309635162354 -0.061608001589775085
v -0.09059035778045654 1.820310354232788 -0.06333161145448685
v -0.08587200194597244 1.8282010555267334 -0.053672999143600464
v -0.09269826859235764 1.8210084438323975 -0.05496499314904213
v -0.08467499911785126 1.8337169885635376 -0.048140998929739
v -0.09195958822965622 1.8269439935684204 -0.04917121306061745
v -0.08431299775838852 1.8398760557174683 -0.029870999976992607
v -0.0916358083486557 1.8332334756851196 -0.028370169922709465
v -0.08599600195884705 1.8358139991760254 -0.03318300098180771
v -0.09301525354385376 1.8287166357040405 -0.032584380358457565
v -0.08472800254821777 1.8374680280685425 -0.03746899962425232
v -0.0921350046992302 1.8307509422302246 -0.037338823080062866
v -0.0811299979686737 1.8449510335922241 -0.029913999140262604
v -0.08912085741758347 1.8394038677215576 -0.027595527470111847
v -0.07587599754333496 1.8505220413208008 -0.033975999802351
v -0.08446615934371948 1.8463071584701538 -0.031070178374648094
v -0.07645799964666367 1.830752968788147 -0.07255999743938446
v -0.08377271145582199 1.8243738412857056 -0.07496882230043411
v -0.07658600062131882 1.8361719846725464 -0.06544400006532669
v -0.08419545739889145 1.830095887184143 -0.06771941483020782
v -0.09215100109577179 1.7827869653701782 0.008093000389635563
v -0.09721345454454422 1.7743102312088013 0.009679141454398632
v -0.09203000366687775 1.7878940105438232 0.007577000185847282
v -0.09709059447050095 1.7794280052185059 0.009225193411111832
v -0.09102699905633926 1.7976369857788086 0.011312000453472137
v -0.09606102108955383 1.7891910076141357 0.01313500851392746
v -0.09120099991559982 1.803900957107544 0.006618000101298094
v -0.0963255986571312 1.7955420017242432 0.008584228344261646
v -0.09183300286531448 1.801980972290039 0.0033030000049620867
v -0.09696216136217117 1.7936457395553589 0.005356066394597292
v -0.09181500226259232 1.807276964187622 -0.0010089999996125698
v -0.09716510772705078 1.7991083860397339 0.001147447619587183
v -0.09257400035858154 1.7987760305404663 -0.000699999975040555
v -0.0978446751832962 1.7905069589614868 0.0012602522037923336
v -0.09359999746084213 1.79141104221344 -0.005636000074446201
v -0.09877327084541321 1.7830435037612915 -0.003840907709673047
v -0.09328600019216537 1.7889779806137085 -0.0020240000449121
v -0.09847855567932129 1.7806330919265747 -0.00017980090342462063
v -0.09313999861478806 1.7865769863128662 -7.899999764049426e-05
v -0.09833699464797974 1.7782150506973267 0.0016729972558096051
v -0.09488599747419357 1.7445869445800781 -0.047377001494169235
v -0.09895952045917511 1.7366108894348145 -0.051825571805238724
v -0.09316399693489075 1.7776880264282227 -0.06172899901866913
v -0.09898950904607773 1.7702385187149048 -0.06497996300458908
v -0.09345400333404541 1.7741409540176392 -0.06119899824261665
v -0.09897869825363159 1.7665493488311768 -0.06464067846536636
v -0.09253299981355667 1.7824310064315796 -0.06313399970531464
v -0.09869955480098724 1.7751078605651855 -0.06602266430854797
v -0.09391699731349945 1.7743890285491943 -0.0589120015501976
v -0.09943155199289322 1.7668005228042603 -0.06237660348415375
v -0.0945649966597557 1.7755240201950073 -0.05483800172805786
v -0.10005906224250793 1.7678476572036743 -0.058137841522693634
v -0.09045899659395218 1.7804110050201416 -0.07080599665641785
v -0.0960511565208435 1.772669792175293 -0.07377273589372635
v -0.09004399925470352 1.7789570093154907 -0.07239799946546555
v -0.09540388733148575 1.7711153030395508 -0.07552526146173477
v -0.014085999689996243 1.8741350173950195 0.04344699904322624
v -0.009317825548350811 1.8743822574615479 0.05223354697227478
v -0.010768000036478043 1.8727200031280518 0.04816199839115143
v -0.006677425000816584 1.8721868991851807 0.05727149918675423
v -0.02453099936246872 1.8707820177078247 0.04809800162911415
v -0.019838280975818634 1.8709346055984497 0.05692721903324127
v -0.013887000270187855 1.870481014251709 0.05249800160527229
v -0.010578466579318047 1.869519829750061 0.06188574805855751
v -0.010621000081300735 1.8688520193099976 0.05665700137615204
v -0.008019321598112583 1.867218017578125 0.06617337465286255
v -0.024195000529289246 1.8670899868011475 0.05642100051045418
v -0.019942516461014748 1.8663097620010376 0.06543807685375214
v -0.02191999927163124 1.8696039915084839 0.051837000995874405
v -0.0177740640938282 1.8692643642425537 0.060930728912353516
v -0.018848000094294548 1.868069052696228 0.05625399947166443
v -0.015189354307949543 1.866079330444336 0.06534548103809357
v -0.016853999346494675 1.8752739429473877 0.0393499992787838
v -0.011598767712712288 1.8759154081344604 0.047833576798439026
v -0.014170000329613686 1.8774240016937256 0.0330360010266304
v -0.008368788287043571 1.8783953189849854 0.041123174130916595
v -0.010838000103831291 1.8761780261993408 0.03861000016331673
v -0.005484750960022211 1.87668776512146 0.047041065990924835
v -0.016853999346494675 1.8752739429473877 0.0393499992787838
v -0.011598767712712288 1.8759154081344604 0.047833576798439026
v -0.014170000329613686 1.8774240016937256 0.0330360010266304
v -0.008368788287043571 1.8783953189849854 0.041123174130916595
v -0.019336000084877014 1.8753130435943604 0.03789599984884262
v -0.014013128355145454 1.8764079809188843 0.04629053175449371
v -0.03206399828195572 1.8726929426193237 0.03774400055408478
v -0.027972586452960968 1.873963475227356 0.046779830008745193
v -0.030048999935388565 1.8748990297317505 0.0316459983587265
v -0.025325845927000046 1.8767693042755127 0.040259577333927155
v -0.02712099999189377 1.874045968055725 0.03715299814939499
v -0.02225309982895851 1.8754987716674805 0.045766521245241165
v -0.031637001782655716 1.8694889545440674 0.047196999192237854
v -0.027030527591705322 1.8705300092697144 0.05601155757904053
v -0.028850000351667404 1.8647160530090332 0.05886999890208244
v -0.024204976856708527 1.8643020391464233 0.06771603971719742
v -0.026034999638795853 1.8632049560546875 0.0627719983458519
v -0.022620445117354393 1.8616307973861694 0.07203821837902069
v -0.023857999593019485 1.8630470037460327 0.06386200338602066
v -0.021014120429754257 1.860991358757019 0.07322611659765244
v -0.01369599997997284 1.866474986076355 0.06047400087118149
v -0.011567647568881512 1.864511489868164 0.07004556059837341
v -0.010475000366568565 1.8646470308303833 0.06423500180244446
v -0.008818895556032658 1.8621784448623657 0.07378295809030533
v -0.01619900017976761 1.8638139963150024 0.06465700268745422
v -0.014338047243654728 1.861301302909851 0.07415559142827988
v -0.0053610000759363174 1.8668889999389648 0.06086599826812744
v -0.00346646411344409 1.8646929264068604 0.07043616473674774
v -0.0021430000197142363 1.8730690479278564 0.04842999950051308
v 0.0020048527512699366 1.8722032308578491 0.05748790502548218
v -0.008212000131607056 1.87248694896698 0.049327999353408813
v -0.004348992370069027 1.8715221881866455 0.05850113555788994
v -0.03350000083446503 1.6546599864959717 -0.07068400084972382
v -0.03534208983182907 1.6451126337051392 -0.07301945239305496
v -0.03258400037884712 1.6569900512695312 -0.07220800220966339
v -0.03414994105696678 1.647393822669983 -0.07454488426446915
v -0.07776299864053726 1.8410569429397583 0.027511000633239746
v -0.08359329402446747 1.8343271017074585 0.03206250071525574
v -0.07911399751901627 1.8370250463485718 0.03002299927175045
v -0.08469853550195694 1.8298660516738892 0.034213654696941376
v -0.07790499925613403 1.83999502658844 0.02911899983882904
v -0.08367886394262314 1.8331468105316162 0.03356475755572319
v -0.0801289975643158 1.834494948387146 0.030640000477433205
v -0.08542980998754501 1.82695734500885 0.03452412039041519
v -0.08128199726343155 1.830122947692871 0.03228899836540222
v -0.08643926680088043 1.822281837463379 0.035741545259952545
v -0.0772939994931221 1.8379720449447632 0.03514400124549866
v -0.08264584094285965 1.8309208154678345 0.039795637130737305
v -0.07083799690008163 1.849161982536316 0.03271999955177307
v -0.07498659938573837 1.8455924987792969 0.04108944535255432
v -0.07370799779891968 1.8494139909744263 0.020986000075936317
v -0.08001521974802017 1.8443520069122314 0.026867788285017014
v -0.07251500338315964 1.8515900373458862 0.01861399970948696
v -0.07819084078073502 1.846862554550171 0.025354627519845963
v -0.075033999979496 1.8471759557724 0.022776000201702118
v -0.08125936985015869 1.841447114944458 0.02810758911073208
v -0.08516799658536911 1.7597049474716187 -0.08544500172138214
v -0.08870383352041245 1.7512736320495605 -0.08949609845876694
v -0.08137200027704239 1.759047031402588 -0.09156300127506256
v -0.08308746665716171 1.7507970333099365 -0.09694775193929672
v -0.08675500005483627 1.768489956855774 -0.0821629986166954
v -0.09114205837249756 1.7602379322052002 -0.08572085946798325
v -0.08832799643278122 1.7716280221939087 -0.07819200307130814
v -0.0930207297205925 1.7634990215301514 -0.08164126425981522
v -0.08493500202894211 1.7728379964828491 -0.08516199886798859
v -0.08923102170228958 1.7645151615142822 -0.08866546303033829
v -0.085207000374794 1.7784969806671143 -0.08377499878406525
v -0.0900215208530426 1.7702970504760742 -0.08687026798725128
v -0.0802220031619072 1.7636059522628784 -0.09345199912786484
v -0.08160777390003204 1.7554585933685303 -0.09908220171928406
v -0.07797600328922272 1.752027988433838 -0.0951709970831871
v -0.07861952483654022 1.7439905405044556 -0.10108576714992523
v -0.08090099692344666 1.7568180561065674 -0.09205199778079987
v -0.08233299106359482 1.7486686706542969 -0.09766779094934464
v -0.0943479984998703 1.7933520078659058 -0.013736999593675137
v -0.0994759276509285 1.7849310636520386 -0.012066025286912918
v -0.09410600364208221 1.8025089502334595 -0.020729999989271164
v -0.09992444515228271 1.794518232345581 -0.01921510323882103
v -0.09379100054502487 1.8027130365371704 -0.016101999208331108
v -0.09939911961555481 1.7946840524673462 -0.014081235975027084
v -0.09544000029563904 1.788625955581665 -0.025011999532580376
v -0.10096696019172668 1.7803000211715698 -0.024648001417517662
v -0.09512399882078171 1.791059970855713 -0.021609999239444733
v -0.10043428093194962 1.7826305627822876 -0.020745955407619476
v -0.09387700259685516 1.790295958518982 -0.007515000179409981
v -0.09903094917535782 1.781905174255371 -0.0057740178890526295
v -0.09385000169277191 1.792749047279358 -0.008491000160574913
v -0.09901608526706696 1.7843818664550781 -0.006673970725387335
v -0.09333200007677078 1.8083440065383911 -0.020103000104427338
v -0.09950272738933563 1.8007091283798218 -0.018197542056441307
v -0.09335099905729294 1.808961033821106 -0.022153999656438828
v -0.09966159611940384 1.801356554031372 -0.020621884614229202
v -0.09462500363588333 1.7991050481796265 -0.024815000593662262
v -0.10044694691896439 1.7910072803497314 -0.02408575639128685
v -0.09518899768590927 1.7564769983291626 -0.05416100099682808
v -0.09970110654830933 1.748358130455017 -0.05786573141813278
v -0.09531199932098389 1.7594590187072754 -0.052799999713897705
v -0.09998296946287155 1.7514272928237915 -0.05649776756763458
v -0.09539800137281418 1.7600460052490234 -0.04979199916124344
v -0.10016585886478424 1.752022624015808 -0.053382646292448044
v -0.09567499905824661 1.7665749788284302 -0.04571700096130371
v -0.10058531910181046 1.7585605382919312 -0.04913121834397316
v -0.09550999850034714 1.7764190435409546 -0.04665600135922432
v -0.10066106915473938 1.768483281135559 -0.04989493265748024
v -0.09471700340509415 1.7683579921722412 -0.05602100118994713
v -0.09974747896194458 1.7605537176132202 -0.05973409488797188
v -0.09432200342416763 1.7679229974746704 -0.05836600065231323
v -0.09936363250017166 1.7601374387741089 -0.062103211879730225
v -0.09511999785900116 1.7620149850845337 -0.054878998547792435
v -0.09987187385559082 1.7540556192398071 -0.05862968787550926
v -0.020385000854730606 1.837257981300354 0.09409099817276001
v -0.018284909427165985 1.8316173553466797 0.10207676887512207
v -0.01704300008714199 1.8385950326919556 0.09370899945497513
v -0.015536300837993622 1.8332793712615967 0.10204406082630157
v -0.008774000220000744 1.8362970352172852 0.09647899866104126
v -0.007853149436414242 1.8300436735153198 0.10422798991203308
v -0.027403999119997025 1.8412760496139526 0.0891060009598732
v -0.02619883418083191 1.8361904621124268 0.09763147681951523
v -0.02368899993598461 1.8343149423599243 0.09554799646139145
v -0.021961402148008347 1.828424334526062 0.10344201326370239
v -0.015599999576807022 1.8272520303726196 0.10113599896430969
v -0.014018144458532333 1.8202799558639526 0.10812804102897644
v -0.012753999792039394 1.8287349939346313 0.1006459966301918
v -0.011675362475216389 1.8217469453811646 0.10771729052066803
v -0.0019549999851733446 1.8306159973144531 0.1003279983997345
v -0.0017786177340894938 1.8236408233642578 0.10749153047800064
v -0.0011569999624043703 1.836387038230896 0.09675200283527374
v -0.0005632303655147552 1.8300501108169556 0.10446498543024063
v -0.005770999938249588 1.8423980474472046 0.09178200364112854
v -0.0047229137271642685 1.8370994329452515 0.10019781440496445
v -0.009894000366330147 1.844338059425354 0.08977600187063217
v -0.008804471231997013 1.839845061302185 0.09864313900470734
v -0.008918999694287777 1.8408570289611816 0.09296499937772751
v -0.007672478910535574 1.835236668586731 0.10114165395498276
v -0.09194400161504745 1.7377450466156006 0.012028000317513943
v -0.09742842614650726 1.7294018268585205 0.011469855904579163
v -0.09230899810791016 1.7402119636535645 0.010800999589264393
v -0.09787345677614212 1.7319213151931763 0.010250954888761044
v -0.09523099660873413 1.7569459676742554 -0.03165600076317787
v -0.09853817522525787 1.7556157112121582 -0.04099908098578453
v -0.09573700278997421 1.767698049545288 -0.03238200023770332
v -0.0993884801864624 1.759460687637329 -0.03671925887465477
v -0.01572299934923649 1.81876802444458 0.10466399788856506
v -0.014914160594344139 1.811147689819336 0.11108861118555069
v -0.006922000087797642 1.8230199813842773 0.1037990003824234
v -0.00647693919017911 1.815493106842041 0.11036765575408936
v -0.011855999939143658 1.8250850439071655 0.10252399742603302
v -0.011064684018492699 1.8179931640625 0.10952965170145035
v -0.016019999980926514 1.8237329721450806 0.10269200056791306
v -0.014626875519752502 1.816415548324585 0.10936395823955536
v -0.026412000879645348 1.8177800178527832 0.10337500274181366
v -0.02670741267502308 1.810136318206787 0.10981602966785431
v -0.004598999861627817 1.8217300176620483 0.10435900092124939
v -0.004349433351308107 1.8141578435897827 0.11088582128286362
v -0.0018520000157877803 1.8190289735794067 0.10539200156927109
v -0.0017117008101195097 1.811252474784851 0.11167740076780319
v -0.06387799978256226 1.8141429424285889 0.07999400049448013
v -0.06756565719842911 1.8062227964401245 0.0848594605922699
v -0.06296099722385406 1.8167070150375366 0.07986100018024445
v -0.06672242283821106 1.8089046478271484 0.08485852926969528
v -0.047074999660253525 1.8119059801101685 0.09693600237369537
v -0.050014521926641464 1.8038893938064575 0.10214123874902725
v -0.08588899672031403 1.7893249988555908 0.039792001247406006
v -0.09099435061216354 1.7809313535690308 0.041658125817775726
v -0.08930499851703644 1.777914047241211 0.02605699934065342
v -0.09445872902870178 1.7694964408874512 0.02766391821205616
v -0.08857200294733047 1.7801909446716309 0.029030999168753624
v -0.09370821714401245 1.7717766761779785 0.030710073187947273
v -0.0880260020494461 1.7801870107650757 0.03156299889087677
v -0.093206487596035 1.7717961072921753 0.03322315588593483
v -0.08866900205612183 1.7771259546279907 0.02938299998641014
v -0.09387386590242386 1.768737554550171 0.030978264287114143
v -0.08727700263261795 1.7784110307693481 0.03549899905920029
v -0.09246114641427994 1.7699997425079346 0.037040043622255325
v -0.08603399991989136 1.783378005027771 0.04017199948430061
v -0.09116612374782562 1.7749598026275635 0.04184404015541077
v -0.08569999784231186 1.7916439771652222 0.040063001215457916
v -0.09079712629318237 1.7832527160644531 0.04196204990148544
v -0.08680400252342224 1.7971370220184326 0.033897001296281815
v -0.09198141098022461 1.7888082265853882 0.035853154957294464
v -0.07153400033712387 1.7358440160751343 -0.09708700329065323
v -0.07200901955366135 1.727854609489441 -0.10308228433132172
v -0.06831000000238419 1.7303659915924072 -0.09758900105953217
v -0.0689360499382019 1.7224173545837402 -0.10362447053194046
v -0.07073699682950974 1.7337779998779297 -0.09689000248908997
v -0.07126200199127197 1.7257870435714722 -0.10287902504205704
v -0.06704399734735489 1.7448019981384277 -0.10481700301170349
v -0.06742800027132034 1.7369120121002197 -0.11094897985458374
v -0.06412599980831146 1.739909052848816 -0.10551299899816513
v -0.0645880326628685 1.7320384979248047 -0.11166441440582275
v -0.06619200110435486 1.7424010038375854 -0.10475300252437592
v -0.06660500168800354 1.7345149517059326 -0.1108880415558815
v -0.06424599885940552 1.7205450534820557 -0.09572599828243256
v -0.0650840774178505 1.7125962972640991 -0.10173555463552475
v -0.06631600111722946 1.7230499982833862 -0.09520000219345093
v -0.0671682208776474 1.714958906173706 -0.10101450979709625
v -0.0685570016503334 1.725998044013977 -0.09476900100708008
v -0.06924020498991013 1.7178314924240112 -0.100499726831913
v -0.06992900371551514 1.7208369970321655 -0.08939100056886673
v -0.07088758051395416 1.7125829458236694 -0.09495438635349274
v -0.06891000270843506 1.7481340169906616 -0.10402099788188934
v -0.06927300989627838 1.7402307987213135 -0.11013717204332352
v -0.07080300152301788 1.7505760192871094 -0.10292000323534012
v -0.07115000486373901 1.7426588535308838 -0.10901906341314316
v -0.07581599801778793 1.6937659978866577 -0.0435979999601841
v -0.07852137088775635 1.6842856407165527 -0.04527270793914795
v -0.07946500182151794 1.699215054512024 -0.04324200004339218
v -0.08292531222105026 1.6898585557937622 -0.043937068432569504
v -0.09502500295639038 1.7923909425735474 -0.041505999863147736
v -0.1010327935218811 1.7845510244369507 -0.043068986386060715
v -0.09532999992370605 1.7893459796905518 -0.040049999952316284
v -0.10113438218832016 1.7813493013381958 -0.041586898267269135
v -0.09420300275087357 1.7907119989395142 -0.0510919988155365
v -0.1004323661327362 1.7832521200180054 -0.053446896374225616
v -0.0947360023856163 1.7896050214767456 -0.04746700078248978
v -0.10068220645189285 1.7819328308105469 -0.0498712956905365
v -0.09562999755144119 1.7849639654159546 -0.03891199827194214
v -0.10120214521884918 1.7768418788909912 -0.04063928499817848
v -0.09559299796819687 1.788385033607483 -0.031668998301029205
v -0.10140734910964966 1.7802534103393555 -0.031932152807712555
v -0.09451200067996979 1.8013269901275635 -0.029673999175429344
v -0.10083682835102081 1.7935813665390015 -0.02963997982442379
v -0.09429600089788437 1.8032430410385132 -0.02901099994778633
v -0.10071916878223419 1.795579195022583 -0.028915952891111374
v -0.09411100298166275 1.802198052406311 -0.04010999947786331
v -0.10087766498327255 1.7948540449142456 -0.04063636064529419
v -0.09383399784564972 1.8056180477142334 -0.03711400181055069
v -0.10069066286087036 1.798349142074585 -0.037499260157346725
v -0.07908900082111359 1.7339470386505127 -0.08625300228595734
v -0.08048456907272339 1.7254585027694702 -0.09135173261165619
v -0.07948499917984009 1.729699969291687 -0.08249499648809433
v -0.08123406767845154 1.7211308479309082 -0.08734375238418579
v -0.0787929967045784 1.7406070232391357 -0.09029799699783325
v -0.07988598942756653 1.7322583198547363 -0.09569291025400162
v -0.07950200140476227 1.7270629405975342 -0.08038599789142609
v -0.0813760906457901 1.718427300453186 -0.08506722003221512
v -0.08513399958610535 1.7429189682006836 -0.081557996571064
v -0.08820080757141113 1.734287142753601 -0.08556867390871048
v -0.033675000071525574 1.7278200387954712 -0.11790599673986435
v -0.03432808816432953 1.7200539112091064 -0.12417185306549072
v -0.034053001552820206 1.7337969541549683 -0.1200530007481575
v -0.03471505641937256 1.726121425628662 -0.1264285296201706
v -0.03643200173974037 1.7319010496139526 -0.11832500249147415
v -0.03709601238369942 1.724212884902954 -0.12468510866165161
v -0.043446000665426254 1.7371569871902466 -0.11701799929141998
v -0.04413902759552002 1.7294847965240479 -0.12339423596858978
v -0.04044700041413307 1.7536979913711548 -0.12244000285863876
v -0.04090197756886482 1.7459063529968262 -0.12869170308113098
v -0.038325000554323196 1.7504609823226929 -0.12266799807548523
v -0.038816019892692566 1.7427197694778442 -0.12897923588752747
v -0.02981800027191639 1.7366219758987427 -0.1225539967417717
v -0.030410032719373703 1.7289555072784424 -0.12894737720489502
v -0.09520900249481201 1.7603750228881836 -0.01979600079357624
v -0.10039317607879639 1.756430983543396 -0.012208561412990093
v -0.09567099809646606 1.7681939601898193 -0.021700000390410423
v -0.0994645357131958 1.7600419521331787 -0.017323458567261696
v -0.00897900015115738 1.6490800380706787 -0.07650899887084961
v -0.0100559052079916 1.6392444372177124 -0.07795891165733337
v -0.013782000169157982 1.6508500576019287 -0.0766730010509491
v -0.015024176798760891 1.6410709619522095 -0.07835429906845093
v -0.011986999772489071 1.7279479503631592 -0.12457399815320969
v -0.012697067111730576 1.7189104557037354 -0.1287953406572342
v -0.016645999625325203 1.7325010299682617 -0.12525899708271027
v -0.0170685313642025 1.7239652872085571 -0.1304515302181244
v -0.022290999069809914 1.7433680295944214 -0.12683500349521637
v -0.022514089941978455 1.7355097532272339 -0.1330154836177826
v -0.004554999992251396 1.7188529968261719 -0.12172800302505493
v -0.00563859473913908 1.7091317176818848 -0.12380706518888474
v -0.01594099961221218 1.7234599590301514 -0.12197499722242355
v -0.01674201898276806 1.7147048711776733 -0.12674006819725037
v -0.02065099962055683 1.724694013595581 -0.12125299870967865
v -0.021257691085338593 1.716306447982788 -0.1266641467809677
v -0.02412799932062626 1.7198209762573242 -0.1178319975733757
v -0.02486274018883705 1.711578607559204 -0.12344665080308914
v -0.023344000801444054 1.7328619956970215 -0.1235169991850853
v -0.023818260058760643 1.7248256206512451 -0.129449263215065
v -0.028675999492406845 1.7436569929122925 -0.12489999830722809
v -0.029171040281653404 1.7360173463821411 -0.13133352994918823
v -0.012865999713540077 1.7473020553588867 -0.1297360062599182
v -0.012343410402536392 1.738889455795288 -0.1351170688867569
v -0.002025000052526593 1.752166986465454 -0.1317089945077896
v -0.0006170244887471199 1.7434678077697754 -0.1364356279373169
v -0.0075159999541938305 1.7428369522094727 -0.12975899875164032
v -0.00703032873570919 1.7336963415145874 -0.13378557562828064
v -0.004732999950647354 1.7276049852371216 -0.12540599703788757
v -0.005541021469980478 1.7179007530212402 -0.12768088281154633
v -0.001914000022225082 1.7312309741973877 -0.1268949955701828
v -0.002273516496643424 1.7214049100875854 -0.1287166178226471
v -0.08323000371456146 1.8168519735336304 0.038279999047517776
v -0.08805172890424728 1.808468222618103 0.04082243889570236
v -0.08600600063800812 1.8106169700622559 0.031136000528931618
v -0.09118997305631638 1.802322506904602 0.03321639075875282
v -0.08544100075960159 1.8145060539245605 0.031050000339746475
v -0.0905345007777214 1.8062065839767456 0.03332467004656792
v -0.08033499866724014 1.8190619945526123 0.046404000371694565
v -0.08487050235271454 1.8106776475906372 0.04942599684000015
v -0.08132199943065643 1.818681001663208 0.04345700144767761
v -0.0860438272356987 1.8103675842285156 0.04638800024986267
v -0.08902499824762344 1.8049060106277466 0.019764000549912453
v -0.0942065566778183 1.7965670824050903 0.02166520431637764
v -0.08750200271606445 1.8077850341796875 0.026034999638795853
v -0.09274470806121826 1.799514889717102 0.028064273297786713
v -0.08687999844551086 1.8033620119094849 0.03117699921131134
v -0.09213916957378387 1.7951197624206543 0.033276066184043884
v -0.0877079963684082 1.8020600080490112 0.02791599929332733
v -0.09297916293144226 1.7938017845153809 0.02992006205022335
v -0.0878089964389801 1.8186850547790527 0.014921000227332115
v -0.09305743873119354 1.8105006217956543 0.01725953444838524
v -0.08836899697780609 1.814115047454834 0.01640000008046627
v -0.09369224309921265 1.8059375286102295 0.018588922917842865
v -0.08716800063848495 1.8163210153579712 0.021105000749230385
v -0.0924442708492279 1.8081274032592773 0.02334696613252163
v -0.08653400093317032 1.815940022468567 0.024795999750494957
v -0.09174318611621857 1.8077025413513184 0.027033938094973564
v -0.08376000076532364 1.8247319459915161 0.02864300087094307
v -0.08892062306404114 1.8166396617889404 0.031450603157281876
v -0.08286599814891815 1.8281409740447998 0.02847200073301792
v -0.08807137608528137 1.820204734802246 0.03162166848778725
v -0.08646100014448166 1.8262219429016113 0.01219400018453598
v -0.09178893268108368 1.818246603012085 0.015023679472506046
v -0.08960899710655212 1.816269040107727 0.005512999836355448
v -0.09496840834617615 1.8081568479537964 0.007851486094295979
v -0.09035799652338028 1.76835298538208 0.024656999856233597
v -0.09577228873968124 1.7600144147872925 0.02573145367205143
v -0.09158699959516525 1.757431983947754 0.023634999990463257
v -0.09723968058824539 1.7491836547851562 0.02374507114291191
v -0.07864999771118164 1.84906005859375 -0.013051999732851982
v -0.08656198531389236 1.8445732593536377 -0.008896348997950554
v -0.07727400213479996 1.8505569696426392 -0.007275999989360571
v -0.08466343581676483 1.8456354141235352 -0.002674405463039875
v -0.08283600211143494 1.842221975326538 -0.007991000078618526
v -0.08931663632392883 1.8357704877853394 -0.0039438605308532715
v -0.08214599639177322 1.8439010381698608 -0.013892999850213528
v -0.08910620212554932 1.837886095046997 -0.009971870109438896
v -0.08071199804544449 1.845810055732727 -0.008337000384926796
v -0.08765619248151779 1.8399778604507446 -0.0041223494336009026
v -0.07907900214195251 1.8463929891586304 0.003585000056773424
v -0.0857405886054039 1.8404422998428345 0.008080870844423771
v -0.07832799851894379 1.848423957824707 -0.0020800000056624413
v -0.085379958152771 1.8429365158081055 0.0024097077548503876
v -0.08010900020599365 1.8450449705123901 0.001979999942705035
v -0.08677197247743607 1.8390347957611084 0.006393906660377979
v -0.07655700296163559 1.8518999814987183 -0.01735999993979931
v -0.08409647643566132 1.8472667932510376 -0.012702729552984238
v -0.07533799856901169 1.8526779413223267 -0.024413999170064926
v -0.08324199914932251 1.8489094972610474 -0.019584335386753082
v -0.07769499719142914 1.8504079580307007 -0.01882299967110157
v -0.08549526333808899 1.8458528518676758 -0.014532655477523804
v -0.08607800304889679 1.836737036705017 -0.019171999767422676
v -0.0921579971909523 1.8297194242477417 -0.015458894893527031
v -0.08503500372171402 1.8385030031204224 -0.014779999852180481
v -0.09136275202035904 1.8317444324493408 -0.011000984348356724
v -0.083747997879982 1.84061598777771 -0.009477999992668629
v -0.09015580266714096 1.8340638875961304 -0.005476753693073988
v -0.08495199680328369 1.8358409404754639 6.199999916134402e-05
v -0.09072660654783249 1.828608751296997 0.003849957138299942
v -0.08446399867534637 1.8381420373916626 -0.004908000119030476
v -0.09059081971645355 1.831263542175293 -0.0010158552322536707
v -0.08312799781560898 1.8398760557174683 0.00030700000934302807
v -0.08935899287462234 1.8331940174102783 0.004372128285467625
v -0.08427900075912476 1.8346279859542847 0.008534000255167484
v -0.09003261476755142 1.8273005485534668 0.012167705222964287
v -0.08381599932909012 1.8371319770812988 0.004242999944835901
v -0.08985793590545654 1.8301259279251099 0.008039127103984356
v -0.07291200011968613 1.8541280031204224 0.005156000144779682
v -0.07976396381855011 1.8502986431121826 0.01135166734457016
v -0.07615499943494797 1.8518790006637573 -0.005714999977499247
v -0.0833626240491867 1.8468575477600098 -0.0009363265708088875
v -0.025537999346852303 1.6744639873504639 -0.08734600245952606
v -0.02633383870124817 1.6649119853973389 -0.09019657969474792
v -0.02601799927651882 1.6713449954986572 -0.08483400195837021
v -0.026847898960113525 1.6617430448532104 -0.08750109374523163
v -0.031215999275445938 1.6783100366592407 -0.08737900108098984
v -0.031979601830244064 1.6689844131469727 -0.09090739488601685
v -0.021909000352025032 1.6742169857025146 -0.08865199983119965
v -0.02274497225880623 1.6645842790603638 -0.09120401740074158
v -0.023756999522447586 1.6579359769821167 -0.07728900015354156
v -0.025135554373264313 1.648239016532898 -0.07930620014667511
v -0.07278600335121155 1.7701690196990967 -0.10333900153636932
v -0.07330402731895447 1.762215495109558 -0.10937833786010742
v -0.07436800003051758 1.7637540102005005 -0.10113199800252914
v -0.07484502345323563 1.7558085918426514 -0.10718528926372528
v -0.07359299808740616 1.7687389850616455 -0.10234999656677246
v -0.0741240531206131 1.7607812881469727 -0.10838258266448975
v -0.06878399848937988 1.7607649564743042 -0.1066180020570755
v -0.0691010132431984 1.7528436183929443 -0.11271326243877411
v -0.06723900139331818 1.7560420036315918 -0.10715600103139877
v -0.06755099445581436 1.748130202293396 -0.11326383799314499
v -0.06978899985551834 1.760174036026001 -0.10561700165271759
v -0.07012099772691727 1.7522530555725098 -0.11171196401119232
v -0.07836099714040756 1.7672699689865112 -0.09624499827623367
v -0.07920902222394943 1.7592657804489136 -0.102179154753685
v -0.07715299725532532 1.7625629901885986 -0.0976099967956543
v -0.07777401059865952 1.7546318769454956 -0.10366906970739365
v -0.07701200246810913 1.7765779495239258 -0.09769800305366516
v -0.07830499112606049 1.7685271501541138 -0.10348695516586304
v -0.07986900210380554 1.7843070030212402 -0.09231500327587128
v -0.083855040371418 1.7760213613510132 -0.09624694287776947
v -0.0756940022110939 1.7827060222625732 -0.09877300262451172
v -0.07743911445140839 1.7746151685714722 -0.10438479483127594
v -0.07192700356245041 1.7903250455856323 -0.10224200040102005
v -0.07389333844184875 1.782198190689087 -0.1077273041009903
v -0.0742029994726181 1.789929986000061 -0.09959500283002853
v -0.07680906355381012 1.7817330360412598 -0.10469590872526169
v -0.07275400310754776 1.7846879959106445 -0.10223600268363953
v -0.07408081740140915 1.7766380310058594 -0.10801857709884644
v -0.07192700356245041 1.7903250455856323 -0.10224200040102005
v -0.07389333844184875 1.782198190689087 -0.1077273041009903
v -0.07030399888753891 1.7816489934921265 -0.10548900067806244
v -0.07109299302101135 1.773643136024475 -0.11142894625663757
v -0.0688140019774437 1.7760289907455444 -0.10718999803066254
v -0.06928297877311707 1.7680773735046387 -0.11323575675487518
v -0.05739400163292885 1.8201359510421753 -0.10305999964475632
v -0.06453543901443481 1.8134905099868774 -0.10525944828987122
v -0.06499999761581421 1.8176350593566895 -0.09824500232934952
v -0.07201047986745834 1.8106685876846313 -0.09976880252361298
v -0.06316699832677841 1.8119679689407349 -0.1028589978814125
v -0.06911973655223846 1.8045917749404907 -0.10604602843523026
v -0.0580889992415905 1.8309739828109741 -0.09486600011587143
v -0.06580519676208496 1.8249975442886353 -0.09704364836215973
v -0.06133799999952316 1.8304450511932373 -0.0924689993262291
v -0.06875406205654144 1.8240972757339478 -0.09463879466056824
v -0.05948200076818466 1.8249930143356323 -0.09811700135469437
v -0.06717835366725922 1.818935751914978 -0.10013574361801147
v -0.06259799748659134 1.828542947769165 -0.09270799905061722
v -0.069954514503479 1.8221091032028198 -0.09482650458812714
v -0.06579799950122833 1.8275619745254517 -0.09029199928045273
v -0.07290510088205338 1.8208482265472412 -0.09239312261343002
v -0.06392399966716766 1.8226289749145508 -0.09577599912881851
v -0.07129102945327759 1.8161414861679077 -0.09768377989530563
v -0.05221400037407875 1.8101760149002075 -0.11150100082159042
v -0.05472160503268242 1.8023029565811157 -0.11713360249996185
v -0.05543899908661842 1.8104389905929565 -0.10951100289821625
v -0.058034393936395645 1.8025577068328857 -0.11509215086698532
v -0.053626999258995056 1.8038990497589111 -0.11298000067472458
v -0.05562954023480415 1.7959609031677246 -0.11872240900993347
v -0.06115400046110153 1.8070420026779175 -0.1068589985370636
v -0.06424728780984879 1.7990822792053223 -0.1120622530579567
v -0.06422899663448334 1.8068389892578125 -0.10454100370407104
v -0.06822403520345688 1.7987927198410034 -0.1089339405298233
v -0.06654199957847595 1.7990089654922485 -0.10526999831199646
v -0.06902379542589188 1.7909433841705322 -0.11063537746667862
v -0.0669810026884079 1.8258249759674072 -0.09031599760055542
v -0.07405711710453033 1.819058895111084 -0.09235265105962753
v -0.07005299627780914 1.8248080015182495 -0.08765099942684174
v -0.0769248679280281 1.8178188800811768 -0.08963315933942795
v -0.06900600343942642 1.8294880390167236 -0.0846100002527237
v -0.07630527764558792 1.8230608701705933 -0.08693637698888779
v -0.0677570030093193 1.8349690437316895 -0.08078599721193314
v -0.07516290247440338 1.8287110328674316 -0.0832335576415062
v -0.06652600318193436 1.8369139432907104 -0.08035600185394287
v -0.074006587266922 1.8307509422302246 -0.08281742036342621
v -0.06466999650001526 1.8324929475784302 -0.0869079977273941
v -0.07223133742809296 1.8264105319976807 -0.08932268619537354
v -0.063291996717453 1.8380670547485352 -0.08290199935436249
v -0.07094471901655197 1.832144856452942 -0.08542446792125702
v -0.06201799958944321 1.839961051940918 -0.08238500356674194
v -0.06974387913942337 1.8341271877288818 -0.08489036560058594
v -0.06017399951815605 1.8352229595184326 -0.08902899920940399
v -0.06803005933761597 1.8295527696609497 -0.09150505065917969
v -0.05420700088143349 1.843230962753296 -0.08643300086259842
v -0.0625518262386322 1.8383201360702515 -0.08893263339996338
v -0.057457998394966125 1.8426599502563477 -0.08419299870729446
v -0.06550776958465576 1.8372770547866821 -0.08668815344572067
v -0.05538799986243248 1.837399959564209 -0.09132300317287445
v -0.06369225680828094 1.8324778079986572 -0.09393291175365448
v -0.05288799852132797 1.8219460248947144 -0.10508400201797485
v -0.059926506131887436 1.8154356479644775 -0.10792550444602966
v -0.05612799897789955 1.8219610452651978 -0.1029760017991066
v -0.06348232924938202 1.8154932260513306 -0.10499605536460876
v -0.09120000153779984 1.7347129583358765 -0.06188200041651726
v -0.09531691670417786 1.7260587215423584 -0.0647377222776413
v -0.08914300054311752 1.7272640466690063 -0.05936099961400032
v -0.09325613081455231 1.7184929847717285 -0.061841096729040146
v -0.08760800212621689 1.727221965789795 -0.0632689967751503
v -0.09170849621295929 1.7184481620788574 -0.06576034426689148
v -0.024153999984264374 1.8817089796066284 -0.0045540002174675465
v -0.018302345648407936 1.8854237794876099 0.0026542237028479576
v -0.02026900090277195 1.8825149536132812 -0.010232999920845032
v -0.014429137110710144 1.886069893836975 -0.0029351809062063694
v -0.019245000556111336 1.8824470043182373 0.00046300000394694507
v -0.012964198365807533 1.8854631185531616 0.0076361712999641895
v -0.024089999496936798 1.8805489540100098 0.009937000460922718
v -0.01806950569152832 1.883564829826355 0.017330128699541092
v -0.020078999921679497 1.8819340467453003 0.004759000148624182
v -0.013738129287958145 1.8847912549972534 0.011944381520152092
v -0.019014999270439148 1.8808540105819702 0.014721999876201153
v -0.012829997576773167 1.8832026720046997 0.02222064882516861
v -0.024089999496936798 1.8805489540100098 0.009937000460922718
v -0.01806950569152832 1.883564829826355 0.017330128699541092
v -0.020078999921679497 1.8819340467453003 0.004759000148624182
v -0.013738129287958145 1.8847912549972534 0.011944381520152092
v -0.01043500006198883 1.8834810256958008 0.0007329999934881926
v -0.003795997705310583 1.8860573768615723 0.007753415033221245
v -0.01569500006735325 1.8829940557479858 -0.0042929998598992825
v -0.009529967792332172 1.8867100477218628 0.0026484448462724686
v -0.011373000219464302 1.8829959630966187 0.005177000071853399
v -0.00472592655569315 1.8855868577957153 0.01218440756201744
v -0.02761700004339218 1.8810980319976807 -0.015008999966084957
v -0.022680826485157013 1.8851337432861328 -0.007305271923542023
v -0.031939998269081116 1.8796360492706299 -0.02009199932217598
v -0.027914218604564667 1.884321689605713 -0.012228266336023808
v -0.028113000094890594 1.8804600238800049 0.004333999939262867
v -0.022286802530288696 1.8836383819580078 0.01181420311331749
v -0.027079999446868896 1.8794360160827637 0.014193999581038952
v -0.02132124826312065 1.8821439743041992 0.021907851099967957
v -0.03146199882030487 1.8790040016174316 0.009429000318050385
v -0.026016928255558014 1.8822755813598633 0.01715223491191864
v -0.02777699939906597 1.8785829544067383 0.018032999709248543
v -0.02215166762471199 1.881088137626648 0.025912083685398102
v -0.02673099935054779 1.8769450187683105 0.026910999789834023
v -0.021346013993024826 1.8789551258087158 0.0350940078496933
v -0.031077999621629715 1.8768229484558105 0.02250700071454048
v -0.025987911969423294 1.879401683807373 0.030719250440597534
v -0.02777699939906597 1.8785829544067383 0.018032999709248543
v -0.02215166762471199 1.881088137626648 0.025912083685398102
v -0.018820999190211296 1.8783220052719116 0.0273669995367527
v -0.013006702065467834 1.8802926540374756 0.03526071086525917
v -0.015310999937355518 1.8795549869537354 0.023726999759674072
v -0.009196123108267784 1.8815168142318726 0.03139247000217438
v -0.0022499999031424522 1.8815209865570068 0.0192440003156662
v 0.004889940842986107 1.8828381299972534 0.0261205043643713
v -0.0012550000101327896 1.8796249628067017 0.028233999386429787
v 0.005181639920920134 1.8803550004959106 0.035852182656526566
v -0.0065379999577999115 1.880295991897583 0.024070000275969505
v -5.028769373893738e-05 1.8818068504333496 0.031528353691101074
v -0.0022499999031424522 1.8815209865570068 0.0192440003156662
v 0.004889940842986107 1.8828381299972534 0.0261205043643713
v -0.0012659999774768949 1.8822720050811768 0.01526699960231781
v 0.006060195621103048 1.8836984634399414 0.021922240033745766
v -0.006624999921768904 1.8826299905776978 0.010645999573171139
v 0.00026067253202199936 1.8848367929458618 0.017553798854351044
v -0.0022730000782757998 1.883489966392517 0.0053090001456439495
v 0.005030566826462746 1.885291576385498 0.011897793039679527
v -0.0012659999774768949 1.8822720050811768 0.01526699960231781
v 0.006060195621103048 1.8836984634399414 0.021922240033745766
v -0.00672100018709898 1.883782982826233 -0.004081000108271837
v -8.16071406006813e-06 1.8868248462677002 0.002678065560758114
v -0.0022899999748915434 1.8840830326080322 -0.009960000403225422
v 0.004783773794770241 1.8867319822311401 -0.00340678496286273
v -0.0012799999676644802 1.883978009223938 -0.014627000316977501
v 0.005762647371739149 1.8868768215179443 -0.008146436884999275
v -0.015790000557899475 1.8824440240859985 -0.019833000376820564
v -0.01058826595544815 1.8866972923278809 -0.012426784262061119
v -0.011517000384628773 1.8822540044784546 -0.02593100070953369
v -0.006378564052283764 1.8863775730133057 -0.01840822584927082
v -0.010514999739825726 1.883558988571167 -0.014684000052511692
v -0.004431754816323519 1.8869922161102295 -0.007528068032115698
v -0.015790000557899475 1.8824440240859985 -0.019833000376820564
v -0.01058826595544815 1.8866972923278809 -0.012426784262061119
v -0.011517000384628773 1.8822540044784546 -0.02593100070953369
v -0.006378564052283764 1.8863775730133057 -0.01840822584927082
v -0.019399000331759453 1.8825360536575317 -0.014822999946773052
v -0.013868661597371101 1.8863214254379272 -0.0074009676463902
v -0.09057299792766571 1.7545510530471802 -0.07366199791431427
v -0.0948864072561264 1.7462033033370972 -0.07708390802145004
v -0.09209399670362473 1.7500139474868774 -0.06863699853420258
v -0.09640784561634064 1.7416645288467407 -0.07205425202846527
v -0.09272199869155884 1.7592029571533203 -0.0670590028166771
v -0.09720358997583389 1.7510271072387695 -0.07067427784204483
v -0.09143099933862686 1.7662420272827148 -0.07053399831056595
v -0.09614433348178864 1.7582024335861206 -0.07416026294231415
v -0.08859799802303314 1.761139988899231 -0.07876899838447571
v -0.09291960299015045 1.7528408765792847 -0.08229730278253555
v -0.08827199786901474 1.7594079971313477 -0.07955300062894821
v -0.09253379702568054 1.7510935068130493 -0.08311749994754791
v -0.08843600004911423 1.7498890161514282 -0.07784400135278702
v -0.09248793125152588 1.741413950920105 -0.08127247542142868
v -0.014782000333070755 1.6702829599380493 -0.08799400180578232
v -0.015644030645489693 1.6604137420654297 -0.0893562063574791
v -0.016745999455451965 1.6768569946289062 -0.09238400310277939
v -0.017599942162632942 1.667118787765503 -0.09449078887701035
v -0.013779999688267708 1.6807440519332886 -0.09612199664115906
v -0.014652654528617859 1.670924425125122 -0.09779918193817139
v -0.004730000160634518 1.6633050441741943 -0.08459500223398209
v -0.005507805850356817 1.6533368825912476 -0.0844205990433693
v -0.0011500000255182385 1.6564229726791382 -0.08029399812221527
v -0.001107886666432023 1.646423101425171 -0.08025790005922318
v -0.01722400076687336 1.6678119897842407 -0.0855410024523735
v -0.018115241080522537 1.6579833030700684 -0.08715405315160751
v -0.019204000011086464 1.6706459522247314 -0.08698499947786331
v -0.020066941156983376 1.6608660221099854 -0.08888427168130875
v -0.016963999718427658 1.8499419689178467 0.08310499787330627
v -0.01567995920777321 1.8456872701644897 0.09206315875053406
v -0.014062999747693539 1.8564000129699707 0.07572200149297714
v -0.012980399653315544 1.852918267250061 0.08503357321023941
v -0.010161999613046646 1.8536419868469238 0.07977499812841415
v -0.008982057683169842 1.8496508598327637 0.08886779844760895
v -0.02384999953210354 1.8447320461273193 0.08699099719524384
v -0.02220173552632332 1.8400442600250244 0.0956689789891243
v -0.021045999601483345 1.8464219570159912 0.08590299636125565
v -0.019569354131817818 1.8419127464294434 0.09470566362142563
v -0.002104999963194132 1.8586210012435913 0.07389400154352188
v -0.0007326800841838121 1.8552498817443848 0.0832081064581871
v -0.0012069999938830733 1.8598500490188599 0.07225999981164932
v 0.0005272168200463057 1.8569623231887817 0.08167561143636703
v -0.014361999928951263 1.8610830307006836 0.06912700086832047
v -0.012934046797454357 1.8574434518814087 0.07833103835582733
v -0.018492000177502632 1.8624600172042847 0.06624999642372131
v -0.01671752892434597 1.8600575923919678 0.0757935494184494
v -0.01744600012898445 1.8592350482940674 0.07137300074100494
v -0.016160564497113228 1.855789065361023 0.08067209273576736
v -0.022001000121235847 1.8603999614715576 0.0684330016374588
v -0.020406505092978477 1.8576892614364624 0.07792561501264572
v -0.05085799843072891 1.6765940189361572 -0.06999000161886215
v -0.05164352059364319 1.6674082279205322 -0.07386349886655807
v -0.048615001142024994 1.6817619800567627 -0.0775889977812767
v -0.04930921643972397 1.672706127166748 -0.08177334815263748
v -0.048319000750780106 1.6854820251464844 -0.08142299950122833
v -0.04896518588066101 1.6765717267990112 -0.08591623604297638
v -0.04808200150728226 1.6823580265045166 -0.07869800180196762
v -0.04876317083835602 1.6733155250549316 -0.08291324973106384
v -0.04089700058102608 1.6667660474777222 -0.07189100235700607
v -0.04188447445631027 1.657340407371521 -0.07508198916912079
v -0.040807001292705536 1.6641910076141357 -0.07025499641895294
v -0.04190253093838692 1.6546781063079834 -0.07313665002584457
v -0.053571999073028564 1.677374005317688 -0.0673149973154068
v -0.05439060553908348 1.6681890487670898 -0.07118359208106995
v -0.051375001668930054 1.6760380268096924 -0.068790003657341
v -0.05215451493859291 1.666822075843811 -0.07259239256381989
v -0.06157099828124046 1.6831929683685303 -0.06157999858260155
v -0.06267108023166656 1.674035668373108 -0.06544430553913116
v -0.05879500135779381 1.6789159774780273 -0.06133599951863289
v -0.05978892371058464 1.6696910858154297 -0.06506621092557907
v -0.05677099898457527 1.6776599884033203 -0.06310299783945084
v -0.05774074047803879 1.6684364080429077 -0.0668427124619484
v -0.056671999394893646 1.6749629974365234 -0.060628000646829605
v -0.057670895010232925 1.6656533479690552 -0.06413967162370682
v -0.06366399675607681 1.6866049766540527 -0.06196799874305725
v -0.06477805972099304 1.6775132417678833 -0.06598041206598282
v -0.061903998255729675 1.6856169700622559 -0.06386499851942062
v -0.06287660449743271 1.6764919757843018 -0.06783852726221085
v -0.0618400014936924 1.6892939805984497 -0.06838399916887283
v -0.06281570345163345 1.6803474426269531 -0.07274363934993744
v -0.053975000977516174 1.6711679697036743 -0.06101299822330475
v -0.05506546050310135 1.6618369817733765 -0.06443972885608673
v -0.051902998238801956 1.6701749563217163 -0.0628810003399849
v -0.05291818827390671 1.6607807874679565 -0.06615505367517471
v -0.05727199837565422 1.6684110164642334 -0.05385199934244156
v -0.05850887671113014 1.6588648557662964 -0.05656130239367485
v -0.05731799826025963 1.6649500131607056 -0.05101900175213814
v -0.05893981084227562 1.65534245967865 -0.05326928570866585
v -0.05971299856901169 1.6722290515899658 -0.05276999995112419
v -0.06095462292432785 1.66274893283844 -0.05570018291473389
v -0.061774998903274536 1.677016019821167 -0.05403599888086319
v -0.06292038410902023 1.6676315069198608 -0.05729477480053902
v -0.07227999716997147 1.708076000213623 -0.07310599833726883
v -0.0739753395318985 1.6994221210479736 -0.0778215080499649
v -0.070032998919487 1.7064499855041504 -0.07519099861383438
v -0.07137779891490936 1.6977834701538086 -0.07999542355537415
v -0.0702110007405281 1.710737943649292 -0.0795539990067482
v -0.07158640027046204 1.702215313911438 -0.08460113406181335
v -0.06963799893856049 1.7070640325546265 -0.07651100307703018
v -0.07105973362922668 1.6984795331954956 -0.08143901079893112
v -0.0675240010023117 1.6998510360717773 -0.07166299968957901
v -0.06874173134565353 1.6910654306411743 -0.07628155499696732
v -0.06707099825143814 1.7030220031738281 -0.07608199864625931
v -0.06835061311721802 1.6943851709365845 -0.08095714449882507
v -0.07713600248098373 1.7153409719467163 -0.07257100194692612
v -0.07925985753536224 1.706618309020996 -0.07697593420743942
v -0.06511099636554718 1.7057240009307861 -0.08200199902057648
v -0.06610104441642761 1.6971970796585083 -0.08713140338659286
v -0.062070999294519424 1.6956969499588013 -0.0754769966006279
v -0.06292324513196945 1.6869362592697144 -0.08022291213274002
v -0.06426499783992767 1.693323016166687 -0.06926299631595612
v -0.06529677659273148 1.6844427585601807 -0.07374369353055954
v -0.0643870010972023 1.6921449899673462 -0.0676330029964447
v -0.06547088921070099 1.6832354068756104 -0.07204270362854004
v -0.06949499994516373 1.6980609893798828 -0.06573200225830078
v -0.07095446437597275 1.6891409158706665 -0.0700102373957634
v -0.07178899645805359 1.7019339799880981 -0.06629099696874619
v -0.07360666990280151 1.6930819749832153 -0.07057328522205353
v -0.05705999955534935 1.69725501537323 -0.08372599631547928
v -0.0578860342502594 1.6886541843414307 -0.08876031637191772
v -0.061875998973846436 1.7169009447097778 -0.09544599801301956
v -0.06277014315128326 1.708918809890747 -0.10140293091535568
v -0.0564580000936985 1.7051589488983154 -0.09146799892187119
v -0.057204652577638626 1.6968116760253906 -0.09692376106977463
v -0.04855699837207794 1.6885310411453247 -0.0840430036187172
v -0.04924410954117775 1.6797118186950684 -0.08870652318000793
v -0.05110400170087814 1.6931970119476318 -0.08595500141382217
v -0.05173991993069649 1.6844923496246338 -0.0908360704779625
v -0.06224200129508972 1.699625015258789 -0.07957100123167038
v -0.06324326992034912 1.6910091638565063 -0.08454729616641998
v -0.027557000517845154 1.6928999423980713 -0.10016000270843506
v -0.028419440612196922 1.6839269399642944 -0.10448922961950302
v -0.03270300105214119 1.7147279977798462 -0.11189799755811691
v -0.033407438546419144 1.706637978553772 -0.11773364245891571
v -0.027854999527335167 1.7019670009613037 -0.10621800273656845
v -0.028744183480739594 1.6933815479278564 -0.11126772314310074
v -0.022276999428868294 1.6846309900283813 -0.09631600230932236
v -0.023108521476387978 1.6751956939697266 -0.09952287375926971
v -0.024142999202013016 1.6892969608306885 -0.09896799921989441
v -0.025008535012602806 1.6800626516342163 -0.10270663350820541
v -0.028853999450802803 1.686210036277771 -0.09464400261640549
v -0.0296405628323555 1.6770769357681274 -0.09863993525505066
v -0.026166999712586403 1.684973955154419 -0.09497600048780441
v -0.026978477835655212 1.6756850481033325 -0.09858957678079605
v -0.035172998905181885 1.6911519765853882 -0.09507100284099579
v -0.03590917959809303 1.6823649406433105 -0.09978755563497543
v -0.017733000218868256 1.701019048690796 -0.10927300155162811
v -0.018777882680296898 1.6919386386871338 -0.11332931369543076
v -0.013608000241219997 1.6997859477996826 -0.10966300219297409
v -0.01472487859427929 1.690373182296753 -0.11284935474395752
v -0.015058999881148338 1.6956729888916016 -0.10648799687623978
v -0.016006821766495705 1.6861366033554077 -0.1093444898724556
v -0.01688399910926819 1.692734956741333 -0.10398799926042557
v -0.01781458966434002 1.6832667589187622 -0.1070682629942894
v -0.01296900026500225 1.6915489435195923 -0.1042729988694191
v -0.013964812271296978 1.681856393814087 -0.10652309656143188
v -0.009316000156104565 1.6962159872055054 -0.10816700011491776
v -0.01038079708814621 1.6864635944366455 -0.11010526865720749
v -0.011334000155329704 1.6923569440841675 -0.10518400371074677
v -0.012316891923546791 1.6826273202896118 -0.10727402567863464
v -0.007232999894768 1.691532015800476 -0.10538899898529053
v -0.008288768120110035 1.6816294193267822 -0.10629651695489883
v -0.022586999461054802 1.714066982269287 -0.11541400104761124
v -0.02349015511572361 1.705613136291504 -0.12067873775959015
v -0.005979999899864197 1.7092540264129639 -0.11670400202274323
v -0.007052447646856308 1.699557900428772 -0.11890296638011932
v -0.001353000057861209 1.7078310251235962 -0.11625800281763077
v -0.00216013565659523 1.697874903678894 -0.11673267185688019
v -0.0033710000570863485 1.7043639421463013 -0.11404100060462952
v -0.004461660515516996 1.6944960355758667 -0.11523882299661636
v -0.0054779998026788235 1.6920909881591797 -0.10597100108861923
v -0.006491676438599825 1.682173490524292 -0.1067562997341156
v -0.0012469999492168427 1.6832979917526245 -0.09994400292634964
v -0.0019362624734640121 1.6733577251434326 -0.09909745305776596
v -0.003117999993264675 1.687917947769165 -0.10317900031805038
v -0.004130692221224308 1.6779694557189941 -0.10320805013179779
v -0.005257000215351582 1.6842199563980103 -0.10034800320863724
v -0.006210741121321917 1.6742688417434692 -0.10060246288776398
v -0.0012469999492168427 1.6832979917526245 -0.09994400292634964
v -0.0019362624734640121 1.6733577251434326 -0.09909745305776596
v -0.008887999691069126 1.6880990266799927 -0.10262099653482437
v -0.009874725714325905 1.67822265625 -0.10383912920951843
v -0.016057999804615974 1.684216022491455 -0.09812100231647491
v -0.01690562441945076 1.6744964122772217 -0.100314199924469
v -0.019297000020742416 1.7002129554748535 -0.10829299688339233
v -0.020381713286042213 1.6911706924438477 -0.11242352426052094
v -0.04629100114107132 1.7077200412750244 -0.10067900270223618
v -0.046960219740867615 1.6996583938598633 -0.1065579205751419
v -0.0465719997882843 1.7039380073547363 -0.09790199995040894
v -0.047152210026979446 1.6957130432128906 -0.10356004536151886
v -0.04494199901819229 1.69554603099823 -0.09265200048685074
v -0.045623812824487686 1.6870129108428955 -0.09782116115093231
v -0.04742800071835518 1.700029969215393 -0.09444600343704224
v -0.048092592507600784 1.6916595697402954 -0.09987682849168777
v -0.04434800148010254 1.6959359645843506 -0.09332600235939026
v -0.045017730444669724 1.6874027252197266 -0.09849663078784943
v -0.053112998604774475 1.7115960121154785 -0.0990080013871193
v -0.053836092352867126 1.7036648988723755 -0.10505577176809311
v -0.04835699871182442 1.7159440517425537 -0.10468800365924835
v -0.049070101231336594 1.708069920539856 -0.11081084609031677
v -0.03861600160598755 1.6876360177993774 -0.09037300199270248
v -0.03932929039001465 1.6787649393081665 -0.09493325650691986
v -0.04236900061368942 1.6874879598617554 -0.08788099884986877
v -0.043035075068473816 1.6786236763000488 -0.09246141463518143
v -0.04808399826288223 1.6926649808883667 -0.08803699910640717
v -0.04879701882600784 1.6840076446533203 -0.09299106895923615
v -0.038656000047922134 1.8257579803466797 -0.1095379963517189
v -0.04289723560214043 1.8190041780471802 -0.11557109653949738
v -0.0471000000834465 1.8251760005950928 -0.10650700330734253
v -0.05380363389849663 1.8188807964324951 -0.11043526232242584
v -0.045076001435518265 1.8191030025482178 -0.11082299798727036
v -0.04858243092894554 1.812082052230835 -0.11702074110507965
v -0.03932499885559082 1.8379889726638794 -0.10012000054121017
v -0.04856766015291214 1.8349894285202026 -0.102481409907341
v -0.042865999042987823 1.838366985321045 -0.09852000325918198
v -0.052030131220817566 1.8350578546524048 -0.10077131539583206
v -0.04096699878573418 1.8314939737319946 -0.10462400317192078
v -0.049334097653627396 1.8273818492889404 -0.10824089497327805
v -0.04453200101852417 1.836426019668579 -0.09930799901485443
v -0.053594596683979034 1.8330860137939453 -0.10189904272556305
v -0.03654399886727333 1.8150789737701416 -0.11629900336265564
v -0.03958842158317566 1.8075380325317383 -0.12211845070123672
v -0.03444800153374672 1.8078370094299316 -0.11988399922847748
v -0.037188731133937836 1.8002698421478271 -0.12581925094127655
v -0.03810799866914749 1.8135249614715576 -0.11641400307416916
v -0.04103337228298187 1.8059242963790894 -0.12221669405698776
v -0.04645700007677078 1.813169002532959 -0.11332599818706512
v -0.04917842522263527 1.8053871393203735 -0.11898604035377502
v -0.0446540005505085 1.8062280416488647 -0.1167680025100708
v -0.046912021934986115 1.7983989715576172 -0.12256519496440887
v -0.043133001774549484 1.8125640153884888 -0.11496800184249878
v -0.0458553209900856 1.804823398590088 -0.12068387120962143
v -0.04645700007677078 1.813169002532959 -0.11332599818706512
v -0.04917842522263527 1.8053871393203735 -0.11898604035377502
v -0.049166999757289886 1.805171012878418 -0.114996999502182
v -0.0512818768620491 1.7972829341888428 -0.12076812237501144
v -0.047745998948812485 1.8114750385284424 -0.11335200071334839
v -0.050350017845630646 1.8036569356918335 -0.11901739239692688
v -0.05229400098323822 1.8348469734191895 -0.09626799821853638
v -0.060505460947752 1.829567313194275 -0.09843514859676361
v -0.046525001525878906 1.841256022453308 -0.09371399879455566
v -0.05563494190573692 1.8377876281738281 -0.09594547748565674
v -0.0451430007815361 1.8470189571380615 -0.08850099891424179
v -0.05448467656970024 1.844492793083191 -0.09102118015289307
v -0.04362199828028679 1.8483760356903076 -0.08784300088882446
v -0.05306021496653557 1.8457255363464355 -0.08981654793024063
v -0.04158399999141693 1.8425999879837036 -0.09474699944257736
v -0.051130957901477814 1.8403161764144897 -0.09665478020906448
v -0.03400000184774399 1.8491920232772827 -0.09044100344181061
v -0.0438268817961216 1.8484901189804077 -0.0921555757522583
v -0.03831300139427185 1.8496110439300537 -0.08865199983119965
v -0.04808369278907776 1.848252296447754 -0.0902913436293602
v -0.035422999411821365 1.8319929838180542 -0.10614000260829926
v -0.042193975299596786 1.8271262645721436 -0.11165988445281982
v -0.03341199830174446 1.8379700183868408 -0.10192599892616272
v -0.04213881120085716 1.8344862461090088 -0.10534746944904327
v -0.037085000425577164 1.82737398147583 -0.1091110035777092
v -0.041665028780698776 1.8208061456680298 -0.11510158330202103
v -0.03704899922013283 1.6765470504760742 -0.08248600363731384
v -0.03778250515460968 1.6672980785369873 -0.08621665835380554
v -0.037546999752521515 1.6668059825897217 -0.07465600222349167
v -0.03849025070667267 1.6573203802108765 -0.07767821103334427
v -0.03547700121998787 1.665632963180542 -0.0752900019288063
v -0.036464232951402664 1.6561084985733032 -0.07817251235246658
v -0.04541200026869774 1.6850630044937134 -0.0835689976811409
v -0.04609719663858414 1.676120400428772 -0.08799172192811966
v -0.03936300054192543 1.6805789470672607 -0.08420100063085556
v -0.04002440720796585 1.6714595556259155 -0.08825062215328217
v -0.0321820005774498 1.67159903049469 -0.08168300241231918
v -0.03298676386475563 1.66214120388031 -0.08482988178730011
v -0.034205999225378036 1.6760220527648926 -0.08386699855327606
v -0.034914497286081314 1.6666792631149292 -0.08736138790845871
v -0.034290000796318054 1.672747015953064 -0.08127400279045105
v -0.03507070988416672 1.6633484363555908 -0.08459928631782532
v -0.028971999883651733 1.6579649448394775 -0.07474300265312195
v -0.03044780343770981 1.6483491659164429 -0.07705796509981155
v -0.030587000772356987 1.6620149612426758 -0.07614099979400635
v -0.0317690409719944 1.6523983478546143 -0.07861535996198654
v -0.030734999105334282 1.6588979959487915 -0.07425999641418457
v -0.032114241272211075 1.6492713689804077 -0.07658946514129639
v -0.0380919985473156 1.6662139892578125 -0.07379300147294998
v -0.039066292345523834 1.6567347049713135 -0.07682512700557709
v -0.04275999963283539 1.6776920557022095 -0.0792670026421547
v -0.04344744235277176 1.6685148477554321 -0.08317920565605164
v -0.0335329994559288 1.817275047302246 0.1017099991440773
v -0.03541310131549835 1.8099589347839355 0.1082628071308136
v -0.03244100138545036 1.8216500282287598 0.10029199719429016
v -0.03374494984745979 1.8142539262771606 0.10689486563205719
v -0.04098299890756607 1.8230849504470825 0.09602099657058716
v -0.043176088482141495 1.815698266029358 0.10239487886428833
v -0.03896600008010864 1.821455955505371 0.09784899652004242
v -0.041090670973062515 1.8139921426773071 0.10415589809417725
v -0.05182899907231331 1.7434990406036377 -0.11458999663591385
v -0.05236700922250748 1.7356818914413452 -0.1208030954003334
v -0.059174999594688416 1.7496089935302734 -0.11168599873781204
v -0.059559036046266556 1.7417311668395996 -0.11783361434936523
v -0.056791000068187714 1.7461249828338623 -0.11238600313663483
v -0.05724802985787392 1.7382855415344238 -0.11857741326093674
v -0.057110998779535294 1.7528289556503296 -0.11370699852705002
v -0.05747802183032036 1.7449525594711304 -0.11985738575458527
v -0.05082499980926514 1.7501709461212158 -0.11666800081729889
v -0.051256030797958374 1.742335557937622 -0.12286640703678131
v -0.048516999930143356 1.7464929819107056 -0.11710900068283081
v -0.04903901368379593 1.7387107610702515 -0.12336717545986176
v -0.04864799976348877 1.7534149885177612 -0.1185159981250763
v -0.04906300827860832 1.7455658912658691 -0.12469812482595444
v -0.05470399931073189 1.7236720323562622 -0.1051269993185997
v -0.05545607581734657 1.7158961296081543 -0.11136963218450546
v -0.05214700102806091 1.7203569412231445 -0.10499600321054459
v -0.05290205404162407 1.7125524282455444 -0.11120244860649109
v -0.06270699948072433 1.8554339408874512 0.038715001195669174
v -0.06220722198486328 1.8554199934005737 0.04870249330997467
v -0.06395299732685089 1.8556170463562012 0.03497299924492836
v -0.06429733335971832 1.8556902408599854 0.04496680200099945
v -0.06590499728918076 1.8553780317306519 0.030288999900221825
v -0.06736316531896591 1.8550742864608765 0.04017745330929756
v -0.05840200185775757 1.8611869812011719 0.03279099985957146
v -0.05806373804807663 1.861893653869629 0.04276026040315628
v -0.05498899891972542 1.8615520000457764 0.039041001349687576
v -0.05393240973353386 1.8623102903366089 0.04895607382059097
v -0.05699099972844124 1.8617620468139648 0.03425600007176399
v -0.05636373907327652 1.8625408411026 0.04420588165521622
v -0.053870998322963715 1.8639700412750244 0.03448199853301048
v -0.052727438509464264 1.8649851083755493 0.04436440020799637
v -0.05498899891972542 1.8615520000457764 0.039041001349687576
v -0.05393240973353386 1.8623102903366089 0.04895607382059097
v -0.05751299858093262 1.8641469478607178 0.02464500069618225
v -0.05714377015829086 1.8655376434326172 0.034540943801403046
v -0.05854399874806404 1.863724946975708 0.02341499924659729
v -0.0581030435860157 1.8646029233932495 0.0333666168153286
v -0.059741999953985214 1.8613389730453491 0.02850699983537197
v -0.059713948518037796 1.8616496324539185 0.03850213438272476
v -0.06647700071334839 1.8573869466781616 0.02131499908864498
v -0.068919338285923 1.8567794561386108 0.030993115156888962
v -0.06780599802732468 1.8564850091934204 0.019840000197291374
v -0.07109702378511429 1.8549082279205322 0.029150359332561493
v -0.06820700317621231 1.8521449565887451 0.03265700116753578
v -0.0701252892613411 1.8509149551391602 0.04239390790462494
v -0.020736999809741974 1.655434012413025 -0.0771310031414032
v -0.0221095010638237 1.6456952095031738 -0.07893960922956467
v -0.02308100089430809 1.6518009901046753 -0.07493499666452408
v -0.024924779310822487 1.6421711444854736 -0.07690109312534332
v -0.042782001197338104 1.7828929424285889 -0.12257999926805496
v -0.043262045830488205 1.7749372720718384 -0.12861956655979156
v -0.04506500065326691 1.787202000617981 -0.12122900038957596
v -0.045653052628040314 1.7792233228683472 -0.12722855806350708
v -0.04477100074291229 1.76705002784729 -0.12203799933195114
v -0.04507403075695038 1.759153127670288 -0.1281656175851822
v -0.03248399868607521 1.7718579769134521 -0.1267780065536499
v -0.032944031059741974 1.7639864683151245 -0.13292840123176575
v -0.048294998705387115 1.7634220123291016 -0.12004800140857697
v -0.048601001501083374 1.755534052848816 -0.12618696689605713
v -0.04893900081515312 1.766610026359558 -0.12000899761915207
v -0.049219999462366104 1.758694052696228 -0.12611298263072968
v -0.04665699973702431 1.7704880237579346 -0.12122000008821487
v -0.04694299399852753 1.7625652551651 -0.12731485068798065
v -0.04942300170660019 1.7865220308303833 -0.11927100270986557
v -0.04993303120136261 1.7785695791244507 -0.12531237304210663
v -0.049518998712301254 1.7781180143356323 -0.11991599947214127
v -0.04983002319931984 1.7702003717422485 -0.12601642310619354
v -0.04716299846768379 1.7823079824447632 -0.1206979975104332
v -0.04756901040673256 1.7743737697601318 -0.12677118182182312
v -0.04942300170660019 1.7865220308303833 -0.11927100270986557
v -0.04993303120136261 1.7785695791244507 -0.12531237304210663
v -0.049518998712301254 1.7781180143356323 -0.11991599947214127
v -0.04983002319931984 1.7702003717422485 -0.12601642310619354
v -0.047655001282691956 1.7944159507751465 -0.11870700120925903
v -0.048676036298274994 1.7864075899124146 -0.12460822612047195
v -0.045524999499320984 1.7996089458465576 -0.1185469999909401
v -0.04706910252571106 1.791555404663086 -0.12427037954330444
v -0.04569099843502045 1.7908740043640137 -0.12043599784374237
v -0.04647298529744148 1.7828881740570068 -0.12640388309955597
v -0.038339998573064804 1.7959539890289307 -0.12218499928712845
v -0.03983611613512039 1.7879294157028198 -0.1279614418745041
v -0.044325001537799835 1.8705559968948364 -0.04703599959611893
v -0.04994915425777435 1.8741060495376587 -0.03956833481788635
v -0.0449489988386631 1.8662949800491333 -0.05775900185108185
v -0.05436260253190994 1.8666017055511475 -0.05439893901348114
v -0.041985999792814255 1.8690639734268188 -0.05311499908566475
v -0.04996824637055397 1.871516227722168 -0.04761318862438202
v -0.044325001537799835 1.8705559968948364 -0.04703599959611893
v -0.04994915425777435 1.8741060495376587 -0.03956833481788635
v -0.04451800137758255 1.8590489625930786 -0.0722460001707077
v -0.05445926636457443 1.8579719066619873 -0.0721404030919075
v -0.04662699997425079 1.8606990575790405 -0.06742700189352036
v -0.05652863532304764 1.8593223094940186 -0.06717760115861893
v -0.03939399868249893 1.876183032989502 -0.03175099939107895
v -0.03847518563270569 1.881068229675293 -0.023073988035321236
v -0.0399710014462471 1.8734229803085327 -0.04270600154995918
v -0.042976267635822296 1.8776203393936157 -0.03414149954915047
v -0.03618000075221062 1.8705990314483643 -0.053394999355077744
v -0.04347652941942215 1.873986840248108 -0.04745500534772873
v -0.03922700136899948 1.872107982635498 -0.04735599830746651
v -0.04413371905684471 1.8762516975402832 -0.039690885692834854
v -0.039673998951911926 1.8678920269012451 -0.058125000447034836
v -0.04866373538970947 1.8695554733276367 -0.05407312884926796
v -0.03618000075221062 1.8705990314483643 -0.053394999355077744
v -0.04347652941942215 1.873986840248108 -0.04745500534772873
v -0.03922700136899948 1.872107982635498 -0.04735599830746651
v -0.04413371905684471 1.8762516975402832 -0.039690885692834854
v -0.03922799974679947 1.8604869842529297 -0.07280900329351425
v -0.04920068010687828 1.8607505559921265 -0.07211893796920776
v -0.04106999933719635 1.8538490533828735 -0.08170200139284134
v -0.05096205323934555 1.8528388738632202 -0.08276344835758209
v -0.053872000426054 1.8660199642181396 -0.04646399989724159
v -0.06130094826221466 1.8670494556427002 -0.03984955698251724
v -0.04523700103163719 1.8716750144958496 -0.04254300147294998
v -0.049144625663757324 1.8753106594085693 -0.03408651053905487
v -0.0422229990363121 1.8738709688186646 -0.037703998386859894
v -0.04379253461956978 1.8786066770553589 -0.02903742715716362
v -0.04475900158286095 1.8743720054626465 -0.031734999269247055
v -0.04507129266858101 1.8789329528808594 -0.022841140627861023
v -0.04523700103163719 1.8716750144958496 -0.04254300147294998
v -0.049144625663757324 1.8753106594085693 -0.03408651053905487
v -0.0422229990363121 1.8738709688186646 -0.037703998386859894
v -0.04379253461956978 1.8786066770553589 -0.02903742715716362
v -0.04475900158286095 1.8743720054626465 -0.031734999269247055
v -0.04507129266858101 1.8789329528808594 -0.022841140627861023
v -0.06436900049448013 1.8633710145950317 -0.0012080000014975667
v -0.06598213315010071 1.8646320104599 0.008580145426094532
v -0.0609080009162426 1.865149974822998 0.00659500015899539
v -0.062166452407836914 1.8688538074493408 0.01579812914133072
v -0.06782799959182739 1.8608410358428955 -0.013039999641478062
v -0.0729970782995224 1.859930396080017 -0.00452816765755415
v -0.0646509975194931 1.863690972328186 -0.014121999964118004
v -0.0677759051322937 1.8646068572998047 -0.004667051136493683
v -0.0693809986114502 1.855929970741272 0.015025000087916851
v -0.07396838814020157 1.8536338806152344 0.023608915507793427
v -0.06702200323343277 1.8591760396957397 0.010986999608576298
v -0.06993786990642548 1.858633279800415 0.020537033677101135
v -0.05938800051808357 1.8655569553375244 0.012008000165224075
v -0.05899781361222267 1.8677597045898438 0.021754570305347443
v -0.056021999567747116 1.8664209842681885 0.019494999200105667
v -0.0552762895822525 1.8685166835784912 0.02924446016550064
v -0.058580998331308365 1.868401050567627 -0.012121999636292458
v -0.058855921030044556 1.8715906143188477 -0.002648313529789448
v -0.05536400154232979 1.870705008506775 -0.013372000306844711
v -0.05494748800992966 1.8742588758468628 -0.004034101963043213
v -0.05686600133776665 1.8692779541015625 -0.019334999844431877
v -0.057817406952381134 1.8729619979858398 -0.01008716132491827
v -0.05866499990224838 1.8674319982528687 -0.026241999119520187
v -0.06111525744199753 1.8701943159103394 -0.016948679462075233
v -0.0648069977760315 1.8625080585479736 -0.027672000229358673
v -0.06948871910572052 1.8630934953689575 -0.01885504648089409
v -0.07064499706029892 1.8578790426254272 -0.020006999373435974
v -0.07780720293521881 1.8556772470474243 -0.013384695164859295
v -0.07219599932432175 1.8566299676895142 -0.013597000390291214
v -0.07934041321277618 1.8532122373580933 -0.0074915518052875996
v -0.06919600069522858 1.8596340417861938 -0.014580000191926956
v -0.0752490684390068 1.8577450513839722 -0.006847469136118889
v -0.06990700215101242 1.8574169874191284 0.00430600019171834
v -0.07537084072828293 1.855230450630188 0.01239088550209999
v -0.0717960000038147 1.8563259840011597 -0.0016009999671950936
v -0.07831660658121109 1.8527588844299316 0.005089084152132273
v -0.05784299969673157 1.8278909921646118 0.07934299856424332
v -0.061781007796525955 1.8207203149795532 0.08509399741888046
v -0.05626500025391579 1.8302639722824097 0.07927100360393524
v -0.060032036155462265 1.8231611251831055 0.0852174162864685
v -0.06333599984645844 1.8329319953918457 0.06874900311231613
v -0.06659428775310516 1.8258470296859741 0.07500892132520676
v -0.06269499659538269 1.8303459882736206 0.07169099897146225
v -0.06634896248579025 1.823205590248108 0.07766291499137878
v -0.06477200239896774 1.825974941253662 0.07206699997186661
v -0.06834538280963898 1.818529486656189 0.07770580798387527
v -0.0625229999423027 1.8248989582061768 0.07577499747276306
v -0.06618573516607285 1.8172788619995117 0.08111527562141418
v -0.05255100131034851 1.8222899436950684 0.0881199985742569
v -0.05593771114945412 1.8146299123764038 0.09358382970094681
v -0.05106399953365326 1.8233120441436768 0.08882100135087967
v -0.054336193948984146 1.8157987594604492 0.09455185383558273
v -0.04984400048851967 1.8346829414367676 0.08222900331020355
v -0.05331215262413025 1.8281289339065552 0.08893850445747375
v -0.058430999517440796 1.832082986831665 0.07554999738931656
v -0.06214874982833862 1.8250175714492798 0.08157141506671906
v -0.056678999215364456 1.8421930074691772 0.06829000264406204
v -0.05951281636953354 1.8364973068237305 0.07600544393062592
v -0.06667099893093109 1.8341079950332642 0.06287100166082382
v -0.06967214494943619 1.8277363777160645 0.0699700117111206
v -0.05502999946475029 1.8412569761276245 0.07121499627828598
v -0.05804307013750076 1.835286021232605 0.07864931225776672
v -0.05165499821305275 1.8401269912719727 0.07574199885129929
v -0.054767727851867676 1.8340431451797485 0.08304250240325928
v -0.054683998227119446 1.8493460416793823 0.06236499920487404
v -0.0555567666888237 1.8457163572311401 0.07164203375577927
v -0.056671999394893646 1.8526519536972046 0.055052001029253006
v -0.056258346885442734 1.850799560546875 0.06487022340297699
v -0.062217000871896744 1.8471490144729614 0.05489899963140488
v -0.06271295249462128 1.8443098068237305 0.06447465717792511
v -0.06830400228500366 1.8444910049438477 0.0480789989233017
v -0.06858605891466141 1.8424805402755737 0.05787074565887451
v -0.06493200361728668 1.843830943107605 0.05515199899673462
v -0.06572208553552628 1.840479850769043 0.06454062461853027
v -0.06591299921274185 1.8407729864120483 0.05714099854230881
v -0.06756298989057541 1.8362153768539429 0.06588776409626007
v -0.06774599850177765 1.8412859439849854 0.05349300056695938
v -0.06866838783025742 1.837800145149231 0.06282031536102295
v -0.09147199988365173 1.7254769802093506 0.0014890000456944108
v -0.09620845317840576 1.7166844606399536 0.0009817376267164946
v -0.08613300323486328 1.6992119550704956 0.002355000004172325
v -0.08989199995994568 1.6899454593658447 0.0023029863368719816
v -0.08804400265216827 1.708570957183838 0.004918000195175409
v -0.09206879884004593 1.6994216442108154 0.004617790691554546
v -0.09581500291824341 1.7788219451904297 -0.022579999640583992
v -0.10139711946249008 1.7705283164978027 -0.022343868389725685
v -0.0955670028924942 1.776419997215271 -0.017342999577522278
v -0.10119787603616714 1.768173336982727 -0.01680763065814972
v -0.09504599869251251 1.782742977142334 -0.014593999832868576
v -0.10033657401800156 1.774325966835022 -0.013515476137399673
v -0.09563600271940231 1.7830049991607666 -0.02240299992263317
v -0.10106796771287918 1.774619460105896 -0.02198377065360546
v -0.0958079993724823 1.7727700471878052 -0.02155200019478798
v -0.10210630297660828 1.765015721321106 -0.021103695034980774
v -0.09528899937868118 1.7733039855957031 -0.012260000221431255
v -0.10113374888896942 1.765218734741211 -0.011575560085475445
v -0.08023300021886826 1.6981300115585327 -0.03875499963760376
v -0.08387663960456848 1.688819169998169 -0.03857877478003502
v -0.0958549976348877 1.778540015220642 -0.03954299911856651
v -0.10109250992536545 1.7704731225967407 -0.04228035733103752
v -0.09566599875688553 1.7790100574493408 -0.04306500032544136
v -0.10082488507032394 1.7710086107254028 -0.04612471163272858
v -0.09570100158452988 1.7661290168762207 -0.041322000324726105
v -0.10042298585176468 1.7581443786621094 -0.0450567752122879
v -0.09590200334787369 1.7707690000534058 -0.03714900091290474
v -0.1009383574128151 1.7626506090164185 -0.040102969855070114
v -0.09598000347614288 1.7791270017623901 -0.028282999992370605
v -0.10157489776611328 1.770843744277954 -0.02857404574751854
v -0.09511400014162064 1.756093978881836 -0.046160001307725906
v -0.09963319450616837 1.7480266094207764 -0.049967166036367416
v -0.09530899673700333 1.7594549655914307 -0.0450190007686615
v -0.09999310970306396 1.7514537572860718 -0.048766084015369415
v -0.09419900178909302 1.7491869926452637 -0.060780998319387436
v -0.09844258427619934 1.740851879119873 -0.06431916356086731
v -0.09318400174379349 1.7411869764328003 -0.06124500185251236
v -0.0973828062415123 1.7326931953430176 -0.06444289535284042
v -0.09397800266742706 1.742933988571167 -0.0025549998972564936
v -0.09966499358415604 1.7347209453582764 -0.0030069993808865547
v -0.09438499808311462 1.7525850534439087 -0.0006259999936446548
v -0.10049157589673996 1.744667649269104 -0.0007820659084245563
v -0.0944719985127449 1.7538570165634155 -0.0012029999634250998
v -0.10060898959636688 1.745963215827942 -0.0013600765960291028
v -0.09454599767923355 1.7533060312271118 -0.002256999956443906
v -0.10071896016597748 1.745441198348999 -0.0024560955353081226
v -0.08466900140047073 1.7149319648742676 -0.05434200167655945
v -0.0885453075170517 1.705853819847107 -0.055942777544260025
v -0.08158200234174728 1.706408977508545 -0.04940599948167801
v -0.08537124842405319 1.6972393989562988 -0.05065472796559334
v -0.0826520025730133 1.7083359956741333 -0.049681998789310455
v -0.08655498176813126 1.6992253065109253 -0.05100969597697258
v -0.08358500152826309 1.7146810293197632 -0.05664899945259094
v -0.08746147900819778 1.7056912183761597 -0.058687884360551834
v -0.08037199825048447 1.705752968788147 -0.05135300010442734
v -0.08391756564378738 1.6966006755828857 -0.05326700210571289
v -0.08370999991893768 1.7089649438858032 -0.04805700108408928
v -0.08770537376403809 1.6998838186264038 -0.049309682101011276
v -0.08825600147247314 1.720196008682251 -0.05310000106692314
v -0.09229119122028351 1.71127450466156 -0.05513061210513115
v -0.08546599745750427 1.7168480157852173 -0.055080000311136246
v -0.08950719982385635 1.7079116106033325 -0.05703151226043701
v -0.09422799944877625 1.7772610187530518 -0.004629000090062618
v -0.09970021992921829 1.768990159034729 -0.0033457144163548946
v -0.09340400248765945 1.7769219875335693 0.0013859999598935246
v -0.09878946840763092 1.7686222791671753 0.002839125692844391
v -0.09373799711465836 1.7780230045318604 -0.0013170000165700912
v -0.09914983063936234 1.769742727279663 0.0001492239534854889
v -0.09326200187206268 1.780385971069336 0.0011360000353306532
v -0.09852912276983261 1.7720338106155396 0.002717035822570324
v -0.09379799664020538 1.779160976409912 -0.002205000026151538
v -0.09917625784873962 1.7708576917648315 -0.0007459282642230392
v -0.09414699673652649 1.7797739505767822 -0.005098000168800354
v -0.0995105504989624 1.771450161933899 -0.0037028563674539328
v -0.0946120023727417 1.778756022453308 -0.008438000455498695
v -0.10002508014440536 1.7704378366470337 -0.00721052847802639
v -0.09506300091743469 1.771468997001648 -0.00910400040447712
v -0.10100577026605606 1.7634608745574951 -0.00835952814668417
v -0.09500499814748764 1.7637970447540283 -0.0067010000348091125
v -0.1015612855553627 1.7562581300735474 -0.006277723237872124
v -0.08977500349283218 1.7189229726791382 0.00635500019416213
v -0.09430969506502151 1.7100257873535156 0.005828571040183306
v -0.09039799869060516 1.7254359722137451 0.009612999856472015
v -0.09530537575483322 1.7167408466339111 0.009054728783667088
v -0.08819299936294556 1.71566903591156 0.016318000853061676
v -0.0926518514752388 1.7067352533340454 0.015764646232128143
v -0.08780399709939957 1.7136930227279663 0.017900999635457993
v -0.09221920371055603 1.7047334909439087 0.017417650669813156
v -0.0850749984383583 1.7006750106811523 0.01600000075995922
v -0.08899781852960587 1.6914794445037842 0.015771836042404175
v -0.09011200070381165 1.7272210121154785 0.021422000601887703
v -0.09508771449327469 1.7185670137405396 0.02082979679107666
v -0.08882299810647964 1.7190309762954712 0.015550999902188778
v -0.09342701733112335 1.7101690769195557 0.015030771493911743
v -0.08772300183773041 1.7122100591659546 0.012304999865591526
v -0.09200381487607956 1.7031840085983276 0.011851701885461807
v -0.08805900067090988 1.71445894241333 0.013900999911129475
v -0.09242599457502365 1.7054778337478638 0.01338164322078228
v 0.08058899641036987 1.8079860210418701 0.04837699979543686
v 0.0860317051410675 1.8001137971878052 0.05127604305744171
v 0.07967299968004227 1.8116960525512695 0.04939199984073639
v 0.08491575717926025 1.8037372827529907 0.052420325577259064
v 0.08019299805164337 1.8003419637680054 0.05290700122714043
v 0.08553708344697952 1.7924389839172363 0.055904414504766464
v 0.08110199868679047 1.8001689910888672 0.05008900165557861
v 0.08665388077497482 1.7923637628555298 0.0529620423913002
v 0.08409900218248367 1.7966099977493286 0.04068800061941147
v 0.08851389586925507 1.7880114316940308 0.043251845985651016
v 0.08313599973917007 1.799646019935608 0.04341199994087219
v 0.08807111531496048 1.7913494110107422 0.046021707355976105
v 0.07567299902439117 1.8270169496536255 0.04950299859046936
v 0.08116147667169571 1.8191825151443481 0.05241803452372551
v 0.0707779973745346 1.831176996231079 0.056529998779296875
v 0.07635053992271423 1.8234355449676514 0.05953275412321091
v 0.07135099917650223 1.837280035018921 0.04907099902629852
v 0.07765604555606842 1.8299247026443481 0.05155013129115105
v 0.0784199982881546 1.8228219747543335 0.045653000473976135
v 0.08413640409708023 1.815152645111084 0.04856928810477257
v 0.07751400023698807 1.8267159461975098 0.04491500183939934
v 0.08329387754201889 1.8190371990203857 0.04767724126577377
v 0.07821600139141083 1.8318480253219604 0.03724600002169609
v 0.08468002080917358 1.8245407342910767 0.03944140672683716
v 0.07023300230503082 1.8408010005950928 0.046820998191833496
v 0.0771494209766388 1.833938717842102 0.04907302185893059
v 0.06823399662971497 1.8412950038909912 0.05040799826383591
v 0.07512917369604111 1.8344519138336182 0.052780598402023315
v 0.06766100227832794 1.8407100439071655 0.05232800170779228
v 0.07442730665206909 1.8337621688842773 0.05476595461368561
v 0.07202000170946121 1.8274749517440796 0.057245999574661255
v 0.07726746797561646 1.8195552825927734 0.06036722660064697
v 0.07345400005578995 1.824444055557251 0.05674999952316284
v 0.07841771841049194 1.8163236379623413 0.05981938913464546
v 0.0738620012998581 1.826403021812439 0.054336998611688614
v 0.07892472296953201 1.8183220624923706 0.057348188012838364
v 0.04370800033211708 1.8522729873657227 0.06855399906635284
v 0.0485062412917614 1.8474626541137695 0.0758914202451706
v 0.04642200097441673 1.8539299964904785 0.06392599642276764
v 0.05252679064869881 1.8490116596221924 0.07013417780399323
v 0.046323999762535095 1.8568110466003418 0.05972599983215332
v 0.05320405215024948 1.8522447347640991 0.06536635756492615
v 0.044248998165130615 1.8562690019607544 0.062453001737594604
v 0.05008556693792343 1.8519681692123413 0.06934045255184174
v 0.03688399866223335 1.856781005859375 0.06727699935436249
v 0.04085514694452286 1.852683424949646 0.07548918575048447
v 0.03079799935221672 1.8610429763793945 0.06399500370025635
v 0.03456966206431389 1.8577642440795898 0.07265667617321014
v 0.03368600085377693 1.854287028312683 0.07235000282526016
v 0.037771858274936676 1.8505598306655884 0.08068149536848068
v 0.030153000727295876 1.848675012588501 0.08061300218105316
v 0.0331869013607502 1.8433308601379395 0.0885019451379776
v 0.029929999262094498 1.852262020111084 0.0766109973192215
v 0.03333060070872307 1.8478105068206787 0.08489468693733215
v 0.03270399942994118 1.845700979232788 0.08265399932861328
v 0.0361773706972599 1.8406777381896973 0.09057249128818512
v 0.04026800021529198 1.8426209688186646 0.08177799731492996
v 0.043964505195617676 1.836803913116455 0.08902354538440704
v 0.043970998376607895 1.836874008178711 0.08434399962425232
v 0.04767817631363869 1.8304333686828613 0.0910353735089302
v 0.04115799814462662 1.840109944343567 0.08345100283622742
v 0.044890884310007095 1.8341490030288696 0.09055962413549423
v 0.0380220003426075 1.8386369943618774 0.08666899800300598
v 0.04147769883275032 1.83256196975708 0.09382107108831406
v 0.02802399918437004 1.8306360244750977 0.09654700011014938
v 0.029930703341960907 1.8239589929580688 0.10374297946691513
v 0.04446300119161606 1.8264700174331665 0.09127199649810791
v 0.04770544171333313 1.8193440437316895 0.09749344736337662
v 0.04623899981379509 1.8281430006027222 0.0889739990234375
v 0.04980478808283806 1.8211275339126587 0.09514401853084564
v 0.04353699833154678 1.8325999975204468 0.08797000348567963
v 0.0470348484814167 1.825840711593628 0.09445669502019882
v 0.0660720020532608 1.7972840070724487 0.08146999776363373
v 0.06944599747657776 1.7894420623779297 0.08667761832475662
v 0.06428500264883041 1.7968120574951172 0.08368899673223495
v 0.06733448058366776 1.7888835668563843 0.08896529674530029
v 0.06876300275325775 1.7909749746322632 0.07926300168037415
v 0.07236022502183914 1.7829548120498657 0.08403127640485764
v 0.07153800129890442 1.7942090034484863 0.07463899999856949
v 0.07534950971603394 1.7859601974487305 0.07881393283605576
v 0.07079900056123734 1.7966020107269287 0.07519400119781494
v 0.07463650405406952 1.7883481979370117 0.07933494448661804
v 0.07101000100374222 1.7986689805984497 0.07430700212717056
v 0.07493603974580765 1.7903883457183838 0.07830913364887238
v 0.06956099718809128 1.819005012512207 0.0674619972705841
v 0.07426309585571289 1.8107866048812866 0.07067885249853134
v 0.06668099761009216 1.8159229755401611 0.07368499785661697
v 0.07130547612905502 1.8078136444091797 0.0772700235247612
v 0.07075200229883194 1.8126139640808105 0.06875099986791611
v 0.07526688277721405 1.8043732643127441 0.07217246294021606
v 0.07534199953079224 1.8131510019302368 0.0594400018453598
v 0.07992967963218689 1.8048136234283447 0.06251280754804611
v 0.08753799647092819 1.7936819791793823 0.025832999497652054
v 0.09245894104242325 1.7849873304367065 0.02626543492078781
v 0.08857399970293045 1.7963199615478516 0.019665999338030815
v 0.0941489115357399 1.788047194480896 0.01897176168859005
v 0.08886399865150452 1.7787740230560303 0.022238999605178833
v 0.09408411383628845 1.7702713012695312 0.021565468981862068
v 0.08834599703550339 1.7807899713516235 0.024392999708652496
v 0.09334740787744522 1.7721362113952637 0.024080786854028702
v 0.089198999106884 1.79750394821167 0.015666000545024872
v 0.09498924762010574 1.7894116640090942 0.01467195712029934
v 0.08861300349235535 1.7995740175247192 0.018168000504374504
v 0.0943683609366417 1.7914330959320068 0.01739281602203846
v 0.08073300123214722 1.7799420356750488 0.05830699950456619
v 0.08502858877182007 1.7713217735290527 0.06099750101566315
v 0.07984700053930283 1.7846239805221558 0.05990999937057495
v 0.08422974497079849 1.776113748550415 0.06280279159545898
v 0.06744100153446198 1.8094040155410767 0.07561899721622467
v 0.07171706855297089 1.8013505935668945 0.07972482591867447
v 0.07145600020885468 1.8045469522476196 0.07124900072813034
v 0.07587401568889618 1.796373963356018 0.0749480351805687
v 0.06646300107240677 1.812356948852539 0.07576899975538254
v 0.07084713876247406 1.8042997121810913 0.07975158095359802
v 0.06457000225782394 1.8144880533218384 0.07737299799919128
v 0.06896593421697617 1.806496262550354 0.08147253096103668
v 0.07341799885034561 1.799644947052002 0.06974200159311295
v 0.07776422798633575 1.7913862466812134 0.07333415001630783
v 0.07444000244140625 1.8027600049972534 0.06635700166225433
v 0.07899419218301773 1.794536828994751 0.06976863741874695
v 0.07371900230646133 1.8077199459075928 0.06544400006532669
v 0.07832556962966919 1.79951012134552 0.06881708651781082
v 0.08415299654006958 1.7771170139312744 0.045246001332998276
v 0.088498555123806 1.7684118747711182 0.04755595326423645
v 0.08215600252151489 1.7848739624023438 0.051844000816345215
v 0.08656022697687149 1.7762846946716309 0.054457101970911026
v 0.08171600103378296 1.7875750064849854 0.05275600031018257
v 0.08629710972309113 1.7790824174880981 0.0553809329867363
v 0.08281700313091278 1.7808510065078735 0.05014900118112564
v 0.0871419906616211 1.77217698097229 0.05260984227061272
v 0.08434800058603287 1.770867943763733 0.04700800031423569
v 0.0888412743806839 1.76217782497406 0.04907989501953125
v 0.047269001603126526 1.873453974723816 0.005994000006467104
v 0.057035356760025024 1.8713232278823853 0.00627401378005743
v 0.04488300159573555 1.8738950490951538 0.011415000073611736
v 0.05460810288786888 1.8724560737609863 0.013245783746242523
v 0.044863998889923096 1.8758349418640137 -0.01218200009316206
v 0.05463860183954239 1.87440824508667 -0.013738189823925495
v 0.042392998933792114 1.8755940198898315 0.006587000098079443
v 0.05227623134851456 1.874300241470337 0.00739195104688406
v 0.040091000497341156 1.877323031425476 -0.0017010000301524997
v 0.05007370561361313 1.876749873161316 -0.0018314928747713566
v 0.039698000997304916 1.87779700756073 -0.011913999915122986
v 0.04960004985332489 1.877208948135376 -0.013180353678762913
v 0.05146000161767006 1.8690890073776245 0.01772099919617176
v 0.06081406772136688 1.8673094511032104 0.02077626995742321
v 0.04913799837231636 1.8694230318069458 0.022729000076651573
v 0.05808403342962265 1.8686257600784302 0.027125896885991096
v 0.048944998532533646 1.8713239431381226 0.014539999887347221
v 0.058472082018852234 1.8695735931396484 0.01702410727739334
v 0.05183900147676468 1.8709479570388794 0.005313999950885773
v 0.06143197789788246 1.8681285381317139 0.005474534817039967
v 0.04954899847507477 1.8715980052947998 0.01068899966776371
v 0.05920557305216789 1.8691906929016113 0.011666398495435715
v 0.04920399934053421 1.8737410306930542 -0.012470999732613564
v 0.058533184230327606 1.870985746383667 -0.014789264649152756
v 0.05205199867486954 1.8718750476837158 -0.008213000372052193
v 0.06154460459947586 1.8692190647125244 -0.009897073730826378
v 0.05004899948835373 1.8730640411376953 -0.016806000843644142
v 0.058909591287374496 1.870854377746582 -0.020881230011582375
v 0.044936999678611755 1.8746659755706787 -0.027195999398827553
v 0.05251559242606163 1.8734525442123413 -0.03360634297132492
v 0.042562998831272125 1.8759969472885132 -0.022335000336170197
v 0.05153180658817291 1.8752751350402832 -0.02669842168688774
v 0.0344959981739521 1.8790990114212036 -0.01631299965083599
v 0.04423176124691963 1.87921941280365 -0.01859343983232975
v 0.033333998173475266 1.879078984260559 0.00304899993352592
v 0.0432540662586689 1.8790719509124756 0.004310824442654848
v 0.036462001502513885 1.8754609823226929 0.020210999995470047
v 0.045407772064208984 1.8756182193756104 0.024677373468875885
v 0.0393109992146492 1.8735860586166382 0.02452700026333332
v 0.04789895936846733 1.873637080192566 0.029649924486875534
v 0.039073001593351364 1.8755029439926147 0.016023000702261925
v 0.048377763479948044 1.8754750490188599 0.019686419516801834
v 0.042013999074697495 1.8736050128936768 0.019466999918222427
v 0.051085636019706726 1.8735429048538208 0.02367432415485382
v 0.0393109992146492 1.8735860586166382 0.02452700026333332
v 0.04789895936846733 1.873637080192566 0.029649924486875534
v 0.039073001593351364 1.8755029439926147 0.016023000702261925
v 0.048377763479948044 1.8754750490188599 0.019686419516801834
v 0.09370400011539459 1.7559330463409424 -0.007201999891549349
v 0.09839535504579544 1.7471017837524414 -0.007185984868556261
v 0.09366299957036972 1.7598570585250854 -0.004379000049084425
v 0.09847959876060486 1.7511454820632935 -0.0053327130153775215
v 0.06204900145530701 1.855734944343567 -0.05552700161933899
v 0.06826342642307281 1.8513054847717285 -0.06198924779891968
v 0.060759998857975006 1.8597379922866821 -0.04762199893593788
v 0.06667546927928925 1.8562228679656982 -0.054878104478120804
v 0.05838099867105484 1.8522059917449951 -0.06824199855327606
v 0.06447789072990417 1.8475271463394165 -0.0746401697397232
v 0.06156599894165993 1.8492859601974487 -0.06870199739933014
v 0.0679468885064125 1.8440080881118774 -0.0743081122636795
v 0.0649930015206337 1.850721001625061 -0.06010200083255768
v 0.0718499943614006 1.8456846475601196 -0.06535716354846954
v 0.06299100071191788 1.848997950553894 -0.06683299690485
v 0.06962212175130844 1.843907117843628 -0.07232043892145157
v 0.05769199877977371 1.8640309572219849 -0.04220899939537048
v 0.06311986595392227 1.861084222793579 -0.0500737763941288
v 0.056304000318050385 1.8669320344924927 -0.03375599905848503
v 0.0621977299451828 1.8646878004074097 -0.041516613215208054
v 0.059098999947309494 1.8633639812469482 -0.040495000779628754
v 0.06473664194345474 1.8606133460998535 -0.04828289523720741
v 0.06255500018596649 1.8603639602661133 -0.041687000542879105
v 0.06850896775722504 1.8570877313613892 -0.049022987484931946
v 0.06561999768018723 1.859652042388916 -0.033250000327825546
v 0.07170569151639938 1.8566935062408447 -0.04061282426118851
v 0.06418900191783905 1.8593660593032837 -0.03993599861860275
v 0.07006988674402237 1.8557164669036865 -0.04715373367071152
v 0.06700599938631058 1.8566240072250366 -0.04109799861907959
v 0.07336312532424927 1.8526369333267212 -0.04770788550376892
v 0.06561999768018723 1.859652042388916 -0.033250000327825546
v 0.07170569151639938 1.8566935062408447 -0.04061282426118851
v 0.0680449977517128 1.85139000415802 -0.0526529997587204
v 0.07514435052871704 1.846606969833374 -0.057822275906801224
v 0.0709099993109703 1.8482890129089355 -0.05328400060534477
v 0.07842934876680374 1.8434176445007324 -0.05772574618458748
v 0.06949099898338318 1.8469489812850952 -0.05874200165271759
v 0.07674852013587952 1.8415650129318237 -0.06302469223737717
v 0.06753399968147278 1.8454539775848389 -0.06526999920606613
v 0.07459763437509537 1.840010166168213 -0.0697944238781929
v 0.07059600204229355 1.842141032218933 -0.06542299687862396
v 0.07766292989253998 1.836186170578003 -0.06924377381801605
v 0.06442999839782715 1.8438340425491333 -0.07250899821519852
v 0.07118220627307892 1.8381484746932983 -0.07720815390348434
v 0.06239200010895729 1.8412779569625854 -0.07883600145578384
v 0.06889919936656952 1.8354485034942627 -0.08370158821344376
v 0.06548599898815155 1.838204026222229 -0.07871200144290924
v 0.07200495153665543 1.831894874572754 -0.08291881531476974
v 0.06442999839782715 1.8438340425491333 -0.07250899821519852
v 0.07118220627307892 1.8381484746932983 -0.07720815390348434
v 0.05782900005578995 1.844177007675171 -0.08062300086021423
v 0.06408621370792389 1.8386647701263428 -0.08614224195480347
v 0.05640900135040283 1.8440550565719604 -0.0824510008096695
v 0.0625392496585846 1.8383170366287231 -0.08788193762302399
v 0.055769000202417374 1.857269048690796 -0.06245800107717514
v 0.061545856297016144 1.853218674659729 -0.06954480707645416
v 0.0536700002849102 1.8548539876937866 -0.06986699998378754
v 0.05943317338824272 1.8502846956253052 -0.07664253562688828
v 0.05695899948477745 1.8523459434509277 -0.07010599970817566
v 0.0629027783870697 1.847452163696289 -0.07648737728595734
v 0.056049998849630356 1.863095998764038 -0.04825599864125252
v 0.061974987387657166 1.8612884283065796 -0.05610630288720131
v 0.054207999259233475 1.8616739511489868 -0.05550999939441681
v 0.0596638098359108 1.8583836555480957 -0.0632176399230957
v 0.08192099630832672 1.6925280094146729 0.026737000793218613
v 0.0828663632273674 1.6825731992721558 0.026649966835975647
v 0.08449500054121017 1.7026679515838623 0.02769399993121624
v 0.08580262959003448 1.6927542686462402 0.02778804488480091
v 0.053950998932123184 1.778681993484497 -0.11685699969530106
v 0.0563296414911747 1.769545078277588 -0.12015242874622345
v 0.05690399929881096 1.7767980098724365 -0.11523500084877014
v 0.059000104665756226 1.7674436569213867 -0.11808157712221146
v 0.05587700009346008 1.7831050157546997 -0.11540299654006958
v 0.058681268244981766 1.7741392850875854 -0.11883122473955154
v 0.053950998932123184 1.778681993484497 -0.11685699969530106
v 0.0563296414911747 1.769545078277588 -0.12015242874622345
v 0.061145998537540436 1.7751810550689697 -0.11254700273275375
v 0.06315778195858002 1.7657169103622437 -0.11507349461317062
v 0.06018799915909767 1.7820299863815308 -0.11274699866771698
v 0.06292708963155746 1.7729827165603638 -0.1160096824169159
v 0.053231000900268555 1.7667720317840576 -0.11710300296545029
v 0.05472356081008911 1.757142424583435 -0.11934885382652283
v 0.05753999948501587 1.7874670028686523 -0.1140030026435852
v 0.060802213847637177 1.7787374258041382 -0.11762957274913788
v 0.06491199880838394 1.7917799949645996 -0.10767699778079987
v 0.06874417513608932 1.7836120128631592 -0.11198969185352325
v 0.06242299824953079 1.7760670185089111 -0.11156199872493744
v 0.0646749883890152 1.7666815519332886 -0.11417746543884277
v 0.06508799642324448 1.774176001548767 -0.10961399972438812
v 0.06737980991601944 1.7647734880447388 -0.11213209480047226
v 0.064239002764225 1.7808209657669067 -0.10987500101327896
v 0.06707770377397537 1.7718193531036377 -0.1131783053278923
v 0.06169300153851509 1.765395998954773 -0.11174599826335907
v 0.06336057186126709 1.7557071447372437 -0.11357481777667999
v 0.05949699878692627 1.7543820142745972 -0.11178799718618393
v 0.06040468066930771 1.7444887161254883 -0.11292710900306702
v 0.05448000133037567 1.7610290050506592 -0.1157979965209961
v 0.0556950718164444 1.7512743473052979 -0.1176341325044632
v 0.05244699865579605 1.7561949491500854 -0.11630699783563614
v 0.053454648703336716 1.7463608980178833 -0.11781547218561172
v 0.05533900111913681 1.7548099756240845 -0.11445099860429764
v 0.05622440576553345 1.7449324131011963 -0.11573503166437149
v 0.05448000133037567 1.7610290050506592 -0.1157979965209961
v 0.0556950718164444 1.7512743473052979 -0.1176341325044632
v 0.04822999984025955 1.756585955619812 -0.11863400042057037
v 0.04923762381076813 1.7467823028564453 -0.12032872438430786
v 0.05187299847602844 1.7657639980316162 -0.11782199889421463
v 0.05321319028735161 1.7560962438583374 -0.11999855190515518
v 0.05147600173950195 1.7840509414672852 -0.11781100183725357
v 0.05430268496274948 1.775280475616455 -0.12169543653726578
v 0.08412600308656693 1.7093030214309692 -0.04469500109553337
v 0.08678942918777466 1.6997344493865967 -0.04585618898272514
v 0.08681699633598328 1.716912031173706 -0.049768999218940735
v 0.08971929550170898 1.7074710130691528 -0.05133216083049774
v 0.010586000047624111 1.824834942817688 -0.11590000241994858
v 0.01226814929395914 1.8185478448867798 -0.12349224090576172
v 0.014392999932169914 1.8195470571517944 -0.11874900013208389
v 0.01635962352156639 1.812841773033142 -0.1259024441242218
v 0.015475000254809856 1.8286830186843872 -0.11287199705839157
v 0.016664521768689156 1.8225458860397339 -0.12067712098360062
v 0.01078800018876791 1.8371080160140991 -0.1066880002617836
v 0.008112829178571701 1.8327196836471558 -0.11526620388031006
v 0.014654000289738178 1.832366943359375 -0.11019500344991684
v 0.0149791045114398 1.8268381357192993 -0.1185212954878807
v 0.01577799953520298 1.8407020568847656 -0.10307800024747849
v 0.013060728088021278 1.836181640625 -0.11157398670911789
v 0.018577000126242638 1.8245270252227783 -0.11495199799537659
v 0.020324498414993286 1.8182964324951172 -0.12257599085569382
v 0.02209700085222721 1.8195170164108276 -0.11736900359392166
v 0.02410833351314068 1.8129565715789795 -0.12464328855276108
v 0.023189999163150787 1.8280869722366333 -0.11188700050115585
v 0.024300066754221916 1.8220243453979492 -0.11976175010204315
v 0.018915999680757523 1.8367069959640503 -0.10589700192213058
v 0.01830902136862278 1.831827163696289 -0.11460437625646591
v 0.006163000129163265 1.8070260286331177 -0.125667005777359
v 0.00830107368528843 1.7995933294296265 -0.13200610876083374
v 0.007127999793738127 1.8162109851837158 -0.12146800011396408
v 0.009183053858578205 1.8091069459915161 -0.1281992793083191
v 0.002211000071838498 1.8120779991149902 -0.12357699871063232
v 0.004256740212440491 1.8049590587615967 -0.1302952766418457
v 0.006163000129163265 1.8070260286331177 -0.125667005777359
v 0.00830107368528843 1.7995933294296265 -0.13200610876083374
v 0.007249000016599894 1.828956961631775 -0.1136230006814003
v 0.007029354106634855 1.8229683637619019 -0.1216285452246666
v 0.002256999956443906 1.8255889415740967 -0.11599700152873993
v 0.001678315456956625 1.8196226358413696 -0.12400129437446594
v 0.006233000196516514 1.8205809593200684 -0.11900900304317474
v 0.008074418641626835 1.813846230506897 -0.12616807222366333
v 0.007400000002235174 1.8410569429397583 -0.10369499772787094
v 0.002231897786259651 1.837295651435852 -0.11138544976711273
v 0.0023580000270158052 1.8488130569458008 -0.09577000141143799
v -0.004609403200447559 1.8466675281524658 -0.1026148721575737
v 0.006492000073194504 1.8444889783859253 -0.10032600164413452
v 0.000772964209318161 1.8415305614471436 -0.10797715932130814
v 0.007563000079244375 1.8522369861602783 -0.09178599715232849
v 0.0010064910165965557 1.8499250411987305 -0.09897395968437195
v 0.0023580000270158052 1.8488130569458008 -0.09577000141143799
v -0.004609403200447559 1.8466675281524658 -0.1026148721575737
v 0.014952000230550766 1.844130039215088 -0.0997920036315918
v 0.011130369268357754 1.8404850959777832 -0.10828373581171036
v 0.016107000410556793 1.8517550230026245 -0.09133200347423553
v 0.011016284115612507 1.8488713502883911 -0.09944181889295578
v 0.011013000272214413 1.848559021949768 -0.09544699639081955
v 0.005371437408030033 1.8460114002227783 -0.1033008024096489
v 0.014952000230550766 1.844130039215088 -0.0997920036315918
v 0.011130369268357754 1.8404850959777832 -0.10828373581171036
v 0.016107000410556793 1.8517550230026245 -0.09133200347423553
v 0.011016284115612507 1.8488713502883911 -0.09944181889295578
v 0.019293999299407005 1.8480360507965088 -0.09482699632644653
v 0.01536518894135952 1.8448971509933472 -0.103470578789711
v 0.022905999794602394 1.8435499668121338 -0.09899400174617767
v 0.020428931340575218 1.8394664525985718 -0.10777971893548965
v 0.02409599907696247 1.8510589599609375 -0.09063900262117386
v 0.020452097058296204 1.8476781845092773 -0.09931610524654388
v 0.019293999299407005 1.8480360507965088 -0.09482699632644653
v 0.01536518894135952 1.8448971509933472 -0.103470578789711
v 0.030087999999523163 1.842777967453003 -0.09808299690485
v 0.02785147726535797 1.8386613130569458 -0.10691767185926437
v 0.01522899977862835 1.8160309791564941 -0.1205729991197586
v 0.017370939254760742 1.8089690208435059 -0.12732140719890594
v 0.010432999581098557 1.8121919631958008 -0.12291300296783447
v 0.012642066925764084 1.8050729036331177 -0.12957927584648132
v 0.06864699721336365 1.6886390447616577 -0.05128899961709976
v 0.07072938978672028 1.6788654327392578 -0.05166424810886383
v 0.06746400147676468 1.6883050203323364 -0.0538100004196167
v 0.06953876465559006 1.678525686264038 -0.054056208580732346
v 0.06418400257825851 1.6828399896621704 -0.053679000586271286
v 0.06571074575185776 1.6729637384414673 -0.05332159250974655
v 0.07113800197839737 1.6949889659881592 -0.05500200018286705
v 0.07330475747585297 1.6852484941482544 -0.05565723031759262
v 0.07199200242757797 1.6960539817810059 -0.05451099947094917
v 0.0742143765091896 1.6863293647766113 -0.055213119834661484
v 0.07112199813127518 1.6927980184555054 -0.05147099867463112
v 0.07336395233869553 1.6830718517303467 -0.05208425968885422
v 0.07300899922847748 1.6962289810180664 -0.052108000963926315
v 0.07539645582437515 1.6865482330322266 -0.05287114530801773
v 0.07380300015211105 1.6972490549087524 -0.05168300122022629
v 0.07614734768867493 1.6875596046447754 -0.05246911942958832
v 0.07067099958658218 1.6883779764175415 -0.04518299922347069
v 0.07296640425920486 1.678657054901123 -0.04566829279065132
v 0.07419899851083755 1.8024049997329712 -0.09419400244951248
v 0.07894778996706009 1.7942891120910645 -0.0975971519947052
v 0.0767270028591156 1.8176000118255615 -0.08240900188684464
v 0.08252199739217758 1.8098886013031006 -0.08504581451416016
v 0.07635100185871124 1.8044300079345703 -0.09020599722862244
v 0.08148042112588882 1.7963905334472656 -0.09321518242359161
v 0.07726500183343887 1.799456000328064 -0.09081300348043442
v 0.08202914893627167 1.7913141250610352 -0.09413158893585205
v 0.07197000086307526 1.81175696849823 -0.0927560031414032
v 0.07734677940607071 1.8038815259933472 -0.09576724469661713
v 0.07039099931716919 1.819962978363037 -0.08931899815797806
v 0.07637074589729309 1.8126240968704224 -0.09254125505685806
v 0.07290700078010559 1.824044942855835 -0.0829010009765625
v 0.07914678752422333 1.8168370723724365 -0.08591967076063156
v 0.08429300040006638 1.8169410228729248 -0.06854899972677231
v 0.09016137570142746 1.809141755104065 -0.07072488218545914
v 0.0808119997382164 1.809559941291809 -0.08039800077676773
v 0.08647483587265015 1.801689624786377 -0.08284565061330795
v 0.0815889984369278 1.8046150207519531 -0.08147100359201431
v 0.08708764612674713 1.7966723442077637 -0.08405518531799316
v 0.08298300206661224 1.8097150325775146 -0.0763460025191307
v 0.08871372044086456 1.8018739223480225 -0.07872854173183441
v 0.0808119997382164 1.809559941291809 -0.08039800077676773
v 0.08647483587265015 1.801689624786377 -0.08284565061330795
v 0.07874000072479248 1.7875059843063354 -0.0916529968380928
v 0.08254236727952957 1.7790663242340088 -0.09543634206056595
v 0.07993199676275253 1.7933249473571777 -0.08834999799728394
v 0.08440747112035751 1.7850408554077148 -0.09171811491250992
v 0.07194899767637253 1.796934962272644 -0.09899099916219711
v 0.07609573006629944 1.7888237237930298 -0.10311570018529892
v 0.0870710015296936 1.7948230504989624 -0.07315299659967422
v 0.09243790805339813 1.7868181467056274 -0.0758209377527237
v 0.08495300263166428 1.7881449460983276 -0.07998500019311905
v 0.08948928117752075 1.7797942161560059 -0.08309762179851532
v 0.0850749984383583 1.7936639785766602 -0.07820399850606918
v 0.09013203531503677 1.7855192422866821 -0.0810483992099762
v 0.08573199808597565 1.7878060340881348 -0.07830099761486053
v 0.09028623253107071 1.779448390007019 -0.08136852085590363
v 0.08700700104236603 1.784472942352295 -0.0761369988322258
v 0.09139857441186905 1.776044249534607 -0.07924694567918777
v 0.08560000360012054 1.812311053276062 -0.06843200325965881
v 0.09151613712310791 1.804560899734497 -0.07065317779779434
v 0.08406399935483932 1.810925006866455 -0.07319200038909912
v 0.0899045392870903 1.803133249282837 -0.07546737790107727
v 0.08771400153636932 1.8021090030670166 -0.0687130019068718
v 0.09356918931007385 1.7943613529205322 -0.0710987076163292
v 0.08950699865818024 1.802240014076233 -0.0626399964094162
v 0.09577129036188126 1.7948120832443237 -0.06500324606895447
v 0.08993399888277054 1.7965010404586792 -0.06393399834632874
v 0.09602758288383484 1.7889512777328491 -0.06635681539773941
v 0.09074900299310684 1.7926520109176636 -0.06248899921774864
v 0.09671266376972198 1.7850149869918823 -0.06496092677116394
v 0.08991900086402893 1.7917560338974 -0.06575100123882294
v 0.09544520825147629 1.7838200330734253 -0.06829686462879181
v 0.0845789983868599 1.7804460525512695 -0.08233699947595596
v 0.08816910535097122 1.7717970609664917 -0.08584500849246979
v 0.08136200159788132 1.783560037612915 -0.08794599771499634
v 0.08491216599941254 1.7749518156051636 -0.09159227460622787
v 0.0812940001487732 1.7893919944763184 -0.08680500090122223
v 0.08555620908737183 1.781012773513794 -0.09021416306495667
v 0.07970699667930603 1.7865010499954224 -0.09023900330066681
v 0.08348841965198517 1.7780001163482666 -0.0939042866230011
v 0.08136200159788132 1.783560037612915 -0.08794599771499634
v 0.08491216599941254 1.7749518156051636 -0.09159227460622787
v 0.08272700011730194 1.7975469827651978 -0.08187100291252136
v 0.08787760138511658 1.789480209350586 -0.08476915210485458
v 0.08874700218439102 1.8211519718170166 -0.005297999829053879
v 0.0955599993467331 1.8138970136642456 -0.006271999794989824
v 0.08948499709367752 1.8225500583648682 -0.019013000652194023
v 0.09621093422174454 1.8154146671295166 -0.02097472921013832
v 0.09022500365972519 1.8184969425201416 -0.016920000314712524
v 0.09699758887290955 1.811212420463562 -0.017953088507056236
v 0.08968400210142136 1.8135679960250854 -0.0004309999931138009
v 0.09604346752166748 1.8059215545654297 -0.0014749130932614207
v 0.09050200134515762 1.8155959844589233 -0.012114999815821648
v 0.09716340899467468 1.808206558227539 -0.013126062229275703
v 0.09063699841499329 1.8180480003356934 -0.02504800073802471
v 0.09742093086242676 1.8109837770462036 -0.02706676349043846
v 0.08977700024843216 1.8216509819030762 -0.02161400020122528
v 0.0964842364192009 1.8146214485168457 -0.02398020029067993
v 0.08988100290298462 1.8217790126800537 -0.027643999084830284
v 0.09637580066919327 1.8149652481079102 -0.031018894165754318
v 0.08901900053024292 1.824813961982727 -0.02474999986588955
v 0.09545578062534332 1.8182522058486938 -0.028688481077551842
v 0.08796700090169907 1.828374981880188 -0.02101599983870983
v 0.09429570287466049 1.8222424983978271 -0.025742508471012115
v 0.08586099743843079 1.834507942199707 -0.02741600014269352
v 0.09229215979576111 1.8281508684158325 -0.03168542683124542
v 0.08654099702835083 1.8318560123443604 -0.014876999892294407
v 0.09314541518688202 1.8258861303329468 -0.019431421533226967
v 0.08462200313806534 1.8341150283813477 -0.0014659999869763851
v 0.09167499840259552 1.8270920515060425 -0.002431821543723345
v 0.08417399972677231 1.8344980478286743 0.0013770000077784061
v 0.09121628105640411 1.827446699142456 0.0005494965007528663
v 0.08742000162601471 1.8240339756011963 0.0004290000069886446
v 0.09429986774921417 1.8168309926986694 -0.00045711122220382094
v 0.09113799780607224 1.7619049549102783 0.014313999563455582
v 0.09586011618375778 1.7531213760375977 0.013572354800999165
v 0.09046699851751328 1.769989013671875 0.015881000086665154
v 0.09567202627658844 1.7614914178848267 0.015045353211462498
v 0.09107200056314468 1.7655160427093506 0.013318999670445919
v 0.09609411656856537 1.7569069862365723 0.012505332939326763
v 0.09148699790239334 1.7612290382385254 0.011343000456690788
v 0.09627463668584824 1.7524775266647339 0.010643322952091694
v 0.09143900126218796 1.7679940462112427 0.00952799990773201
v 0.09665451943874359 1.7594993114471436 0.008729461580514908
v 0.09145800024271011 1.7640329599380493 0.010723000392317772
v 0.0964401364326477 1.755396842956543 0.00995135959237814
v 0.09068900346755981 1.7762999534606934 0.011940999887883663
v 0.09625042974948883 1.7680479288101196 0.010953391902148724
v 0.09114699810743332 1.7768590450286865 0.00873200036585331
v 0.09676272422075272 1.7686411142349243 0.007768531795591116
v 0.09007000178098679 1.7727619409561157 0.017393000423908234
v 0.09533771872520447 1.7643060684204102 0.016527388244867325
v 0.08955500274896622 1.7758309841156006 0.019290000200271606
v 0.09482930600643158 1.7673777341842651 0.01843946799635887
v 0.07734400033950806 1.7096060514450073 -0.06202699989080429
v 0.0797051191329956 1.699939489364624 -0.06301805377006531
v 0.07669500261545181 1.7058980464935303 -0.05800599977374077
v 0.07914908975362778 1.6962616443634033 -0.05906303599476814
v 0.07765699923038483 1.7135380506515503 -0.06680300086736679
v 0.08019322156906128 1.7039291858673096 -0.06791509687900543
v 0.08135899901390076 1.716081976890564 -0.06142599880695343
v 0.08425725996494293 1.7065951824188232 -0.0626911148428917
v 0.07821600139141083 1.7066529989242554 -0.05527300015091896
v 0.08082091808319092 1.6970553398132324 -0.05632096529006958
v 0.07830899953842163 1.7196279764175415 -0.0729610025882721
v 0.08081935346126556 1.7100197076797485 -0.07413516193628311
v 0.07984499633312225 1.7157659530639648 -0.06473899632692337
v 0.08258027583360672 1.706221103668213 -0.06592811644077301
v 0.052418000996112823 1.6602280139923096 -0.054311998188495636
v 0.054728712886571884 1.6506576538085938 -0.05256018415093422
v 0.07557599991559982 1.7885500192642212 0.06901799887418747
v 0.07975240051746368 1.7802683115005493 0.072755828499794
v 0.0791660025715828 1.783898949623108 0.06204000115394592
v 0.08347839117050171 1.775408387184143 0.0650918111205101
v 0.07762599736452103 1.7905009984970093 0.06410399824380875
v 0.08207427710294724 1.7821260690689087 0.06727775931358337
v 0.014062999747693539 1.7689909934997559 -0.1313679963350296
v 0.016112077981233597 1.761254906654358 -0.13736416399478912
v 0.014984999783337116 1.7769830226898193 -0.13107499480247498
v 0.017147671431303024 1.7694146633148193 -0.13724291324615479
v 0.010293999686837196 1.773000955581665 -0.1319040060043335
v 0.012419719249010086 1.765303373336792 -0.13792304694652557
v 0.014062999747693539 1.7689909934997559 -0.1313679963350296
v 0.016112077981233597 1.761254906654358 -0.13736416399478912
v 0.014984999783337116 1.7769830226898193 -0.13107499480247498
v 0.017147671431303024 1.7694146633148193 -0.13724291324615479
v 0.018045000731945038 1.7730070352554321 -0.1304749995470047
v 0.020202821120619774 1.7652519941329956 -0.1364082545042038
v 0.021539000794291496 1.7675729990005493 -0.12970399856567383
v 0.023588448762893677 1.7596603631973267 -0.1354650855064392
v 0.02242800034582615 1.7770529985427856 -0.12938599288463593
v 0.02462984062731266 1.7693450450897217 -0.13536427915096283
v 0.018045000731945038 1.7730070352554321 -0.1304749995470047
v 0.020202821120619774 1.7652519941329956 -0.1364082545042038
v 0.021637000143527985 1.7807960510253906 -0.1292549967765808
v 0.023869330063462257 1.7732219696044922 -0.13539090752601624
v 0.02249000035226345 1.7897779941558838 -0.12793000042438507
v 0.024681881070137024 1.782118320465088 -0.13397367298603058
v 0.01810299977660179 1.7857290506362915 -0.12943099439144135
v 0.02031601406633854 1.7781020402908325 -0.13550804555416107
v 0.0060270000249147415 1.7563070058822632 -0.13186299800872803
v 0.00754880253225565 1.7478259801864624 -0.13693800568580627
v 0.006982999853789806 1.7644920349121094 -0.13241900503635406
v 0.008816392160952091 1.7563987970352173 -0.13799923658370972
v 0.002177000045776367 1.7729209661483765 -0.13265599310398102
v 0.004211571998894215 1.7651869058609009 -0.13865968585014343
v 0.00609799986705184 1.7678970098495483 -0.132532000541687
v 0.008040607906877995 1.7599945068359375 -0.13834381103515625
v 0.007027999963611364 1.7898950576782227 -0.13063399493694305
v 0.00916893221437931 1.7821812629699707 -0.13662680983543396
v 0.0021830000914633274 1.7857500314712524 -0.13148899376392365
v 0.004316138103604317 1.7780815362930298 -0.13754238188266754
v 0.006122000049799681 1.7807589769363403 -0.13196100294589996
v 0.008230142295360565 1.7731385231018066 -0.13808341324329376
v 0.007027999963611364 1.7898950576782227 -0.13063399493694305
v 0.00916893221437931 1.7821812629699707 -0.13662680983543396
v 0.0021830000914633274 1.7857500314712524 -0.13148899376392365
v 0.004316138103604317 1.7780815362930298 -0.13754238188266754
v 0.006130999885499477 1.7938220500946045 -0.12979400157928467
v 0.008294967003166676 1.7861031293869019 -0.13577191531658173
v 0.015065999701619148 1.802778959274292 -0.12617599964141846
v 0.017224842682480812 1.7950645685195923 -0.13216157257556915
v 0.018201999366283417 1.7980979681015015 -0.1268550008535385
v 0.020383063703775406 1.7903918027877808 -0.13284318149089813
v 0.028223000466823578 1.7684060335159302 -0.12779200077056885
v 0.030221397057175636 1.7602252960205078 -0.1331847757101059
v 0.028862999752163887 1.7648630142211914 -0.12748800218105316
v 0.030708378180861473 1.7564246654510498 -0.13252677023410797
v 0.024929000064730644 1.7611709833145142 -0.1283469945192337
v 0.02675134688615799 1.7527438402175903 -0.13341273367404938
v 0.021290000528097153 1.7566770315170288 -0.12898199260234833
v 0.02283221110701561 1.7479602098464966 -0.13363364338874817
v 0.022300999611616135 1.7655680179595947 -0.129489004611969
v 0.024250539019703865 1.7574595212936401 -0.1350073516368866
v 0.010224999859929085 1.7611980438232422 -0.1316930055618286
v 0.012056983076035976 1.7529810667037964 -0.13708984851837158
v 0.013910000212490559 1.7565339803695679 -0.1307010054588318
v 0.015497591346502304 1.7480335235595703 -0.1357230395078659
v 0.03743699938058853 1.658869981765747 -0.06891100108623505
v 0.03880000859498978 1.6490161418914795 -0.06788874417543411
v 0.043209001421928406 1.6561009883880615 -0.06290700286626816
v 0.04543690383434296 1.6463725566864014 -0.062278617173433304
v 0.09238500148057938 1.751567006111145 0.005144000053405762
v 0.09651630371809006 1.742491364479065 0.004392033908516169
v 0.09216099977493286 1.765779972076416 0.005253000184893608
v 0.09736882150173187 1.7572808265686035 0.00445141177624464
v 0.09235499799251556 1.7676949501037598 0.003558000084012747
v 0.09770997613668442 1.7592917680740356 0.0027153738774359226
v 0.0919720008969307 1.767598032951355 0.005994999781250954
v 0.09726328402757645 1.7591516971588135 0.005181495100259781
v 0.0918010026216507 1.7617779970169067 0.008615000173449516
v 0.09670230001211166 1.7531003952026367 0.007792278658598661
v 0.09197299927473068 1.7581700086593628 0.007984000258147717
v 0.09664366394281387 1.749346137046814 0.007414431311190128
v 0.09206900000572205 1.7452549934387207 0.005872999783605337
v 0.09561542421579361 1.7359333038330078 0.005145091563463211
v 0.0925929993391037 1.7472180128097534 0.0030219999607652426
v 0.09638835489749908 1.7379989624023438 0.002244902541860938
v 0.040516000241041183 1.865056037902832 0.04954199865460396
v 0.04747310280799866 1.8623695373535156 0.05620395019650459
v 0.03783499822020531 1.8645269870758057 0.05319900065660477
v 0.0437953919172287 1.861726999282837 0.06072453409433365
v 0.037622999399900436 1.8670819997787476 0.04766099900007248
v 0.04394150897860527 1.8646552562713623 0.0550222210586071
v 0.040516000241041183 1.865056037902832 0.04954199865460396
v 0.04747310280799866 1.8623695373535156 0.05620395019650459
v 0.03834100067615509 1.8678510189056396 0.04492200165987015
v 0.04476441070437431 1.865652322769165 0.05226404219865799
v 0.038116998970508575 1.8701989650726318 0.03856499865651131
v 0.044732604175806046 1.8684600591659546 0.04585951566696167
v 0.04972900077700615 1.8612619638442993 0.04683699831366539
v 0.058166779577732086 1.8575078248977661 0.05067244544625282
v 0.047269999980926514 1.861227035522461 0.050457000732421875
v 0.0554637685418129 1.8578132390975952 0.055062226951122284
v 0.048009999096393585 1.8663519620895386 0.03633499890565872
v 0.05594021826982498 1.863221287727356 0.041560932993888855
v 0.05048700049519539 1.8640949726104736 0.03831600025296211
v 0.058843646198511124 1.8606462478637695 0.042590655386447906
v 0.048652999103069305 1.8668919801712036 0.03328000009059906
v 0.056708477437496185 1.864200472831726 0.03855876252055168
v 0.04380299896001816 1.8711379766464233 0.027202000841498375
v 0.052174463868141174 1.8707282543182373 0.03265642374753952
v 0.0415319986641407 1.8710570335388184 0.03092999942600727
v 0.0493900366127491 1.870267629623413 0.03706417232751846
v 0.03248099982738495 1.869385004043579 0.04593300074338913
v 0.03808329626917839 1.867662787437439 0.05403535068035126
v 0.03125 1.8649760484695435 0.05675699934363365
v 0.0357145294547081 1.8623292446136475 0.06530464440584183
v 0.04002099856734276 1.8616119623184204 0.05710500106215477
v 0.04601924121379852 1.8584496974945068 0.06445492804050446
v 0.0374159999191761 1.8610620498657227 0.06011899933218956
v 0.04219067469239235 1.8581334352493286 0.06840307265520096
v 0.03711999952793121 1.863644003868103 0.05564400181174278
v 0.04262027144432068 1.8606197834014893 0.06342869251966476
v 0.04481000080704689 1.8599469661712646 0.055720001459121704
v 0.05206635221838951 1.856147050857544 0.06145641207695007
v 0.09152399748563766 1.8138699531555176 -0.03004400059580803
v 0.09830525517463684 1.8067796230316162 -0.031978216022253036
v 0.09152700006961823 1.8104579448699951 -0.04353100061416626
v 0.09821368753910065 1.803375244140625 -0.045794568955898285
v 0.09198199957609177 1.8045250177383423 -0.0476670004427433
v 0.09866589307785034 1.7974109649658203 -0.04983861371874809
v 0.09158399701118469 1.808771014213562 -0.04563799872994423
v 0.09829258918762207 1.8017122745513916 -0.04791153594851494
v 0.08731299638748169 1.8126790523529053 -0.06351999938488007
v 0.09334242343902588 1.805022954940796 -0.06576289981603622
v 0.08867300301790237 1.8112870454788208 -0.05942700058221817
v 0.0950067788362503 1.8038967847824097 -0.061722006648778915
v 0.08581899851560593 1.8214219808578491 -0.05966800078749657
v 0.09196268767118454 1.8137826919555664 -0.061641864478588104
v 0.08494599908590317 1.8177659511566162 -0.0661659985780716
v 0.09088750928640366 1.8099956512451172 -0.06824488192796707
v 0.08721599727869034 1.8221080303192139 -0.05313799902796745
v 0.09359341859817505 1.8147271871566772 -0.05534083768725395
v 0.08613800257444382 1.8334460258483887 -0.03044999949634075
v 0.09263298660516739 1.8268979787826538 -0.034314967691898346
v 0.08831500262022018 1.8262909650802612 -0.03700000047683716
v 0.0947524830698967 1.8192311525344849 -0.0399525985121727
v 0.0893229991197586 1.8231829404830933 -0.03373999893665314
v 0.09577889740467072 1.8162328004837036 -0.03690490871667862
v 0.07664299756288528 1.7971880435943604 0.06397899985313416
v 0.08124492317438126 1.7889254093170166 0.06722717732191086
v 0.07685399800539017 1.7991139888763428 0.06263499706983566
v 0.08151660859584808 1.7908661365509033 0.06583384424448013
v 0.08098500221967697 1.7902430295944214 0.05450800061225891
v 0.08571360260248184 1.781864047050476 0.057234231382608414
v 0.08009299635887146 1.7912529706954956 0.05709400027990341
v 0.08480885624885559 1.7828896045684814 0.05988946929574013
v 0.08000700175762177 1.8001350164413452 0.05359699949622154
v 0.08527867496013641 1.7921704053878784 0.05655919015407562
v 0.0769599974155426 1.8042060136795044 0.0598829984664917
v 0.08181064575910568 1.7960504293441772 0.063038669526577
v 0.07388599961996078 1.7971969842910767 0.06979300081729889
v 0.07813242822885513 1.7888953685760498 0.07340561598539352
v 0.08589299768209457 1.7326240539550781 -0.07061100006103516
v 0.08827419579029083 1.7229971885681152 -0.07189710438251495
v 0.08378700166940689 1.7292569875717163 -0.07190699875354767
v 0.0861779972910881 1.7196249961853027 -0.07313500344753265
v 0.08458500355482101 1.7259589433670044 -0.06644699722528458
v 0.08724521845579147 1.7164092063903809 -0.06776110082864761
v 0.08395399898290634 1.726694941520691 -0.06887400150299072
v 0.0865371823310852 1.7171183824539185 -0.07014509290456772
v 0.0799729973077774 1.7230089902877808 -0.0733179971575737
v 0.08249029517173767 1.7134088277816772 -0.07454314827919006
v 0.08174800127744675 1.7260780334472656 -0.0730300024151802
v 0.0842161625623703 1.7164673805236816 -0.07427208125591278
v 0.08266899734735489 1.733059048652649 -0.07772800326347351
v 0.08464726060628891 1.7233036756515503 -0.07868712395429611
v 0.08715999871492386 1.7414599657058716 -0.07453200221061707
v 0.08940215408802032 1.7318062782287598 -0.07586609572172165
v 0.010188000276684761 1.8726650476455688 -0.05814199894666672
v 0.0022786008194088936 1.873724341392517 -0.0641685426235199
v 0.016370000317692757 1.8714419603347778 -0.05973900109529495
v 0.009769853204488754 1.8716837167739868 -0.06724763661623001
v 0.013655000366270542 1.875404953956604 -0.05038800090551376
v 0.007309165317565203 1.8763467073440552 -0.05805894359946251
v 0.010188000276684761 1.8726650476455688 -0.05814199894666672
v 0.0022786008194088936 1.873724341392517 -0.0641685426235199
v 0.016370000317692757 1.8714419603347778 -0.05973900109529495
v 0.009769853204488754 1.8716837167739868 -0.06724763661623001
v 0.02218100056052208 1.8743679523468018 -0.0502300001680851
v 0.019707556813955307 1.8747531175613403 -0.05991161987185478
v 0.018918000161647797 1.8718340396881104 -0.057920001447200775
v 0.013311613351106644 1.8723244667053223 -0.06618607044219971
v 0.024647999554872513 1.8703880310058594 -0.05944500118494034
v 0.021415967494249344 1.8702975511550903 -0.06890786439180374
v 0.013476000167429447 1.8684569597244263 -0.06612200289964676
v 0.005984307266771793 1.868823528289795 -0.07273563742637634
v 0.010029000230133533 1.8647749423980713 -0.0735199972987175
v 0.0019757160916924477 1.8651094436645508 -0.07943883538246155
v 0.016081999987363815 1.8633079528808594 -0.07518000155687332
v 0.009476946666836739 1.8626985549926758 -0.08266343921422958
v 0.013476000167429447 1.8684569597244263 -0.06612200289964676
v 0.005984307266771793 1.868823528289795 -0.07273563742637634
v 0.01863900013267994 1.8640769720077515 -0.07316599786281586
v 0.012599931098520756 1.863513469696045 -0.08111660182476044
v 0.024288000538945198 1.8625450134277344 -0.07448200136423111
v 0.020851321518421173 1.8613024950027466 -0.08379034698009491
v 0.0220320001244545 1.8674590587615967 -0.06596899777650833
v 0.017141979187726974 1.8672146797180176 -0.0746883973479271
v 0.01863900013267994 1.8640769720077515 -0.07316599786281586
v 0.012599931098520756 1.863513469696045 -0.08111660182476044
v 0.007584999781101942 1.8783910274505615 -0.04368799924850464
v -0.000624124426394701 1.880673885345459 -0.04892241209745407
v 0.004658999852836132 1.880890965461731 -0.03428199887275696
v 0.007935650646686554 1.8903363943099976 -0.03406669571995735
v 0.0010999999940395355 1.8790279626846313 -0.04211200028657913
v -0.007204780355095863 1.8831678628921509 -0.03838476166129112
v 0.007584999781101942 1.8783910274505615 -0.04368799924850464
v -0.000624124426394701 1.880673885345459 -0.04892241209745407
v 0.004658999852836132 1.880890965461731 -0.03428199887275696
v 0.007935650646686554 1.8903363943099976 -0.03406669571995735
v 0.0010999999940395355 1.8790279626846313 -0.04211200028657913
v -0.007204780355095863 1.8831678628921509 -0.03838476166129112
v 0.016635999083518982 1.877524971961975 -0.04380299896001816
v 0.013039994984865189 1.8783875703811646 -0.053094103932380676
v 0.0138330003246665 1.8802130222320557 -0.03427499905228615
v 0.012806231155991554 1.8829315900802612 -0.04384344443678856
v 0.010293999686837196 1.8785979747772217 -0.042072001844644547
v 0.0038109831511974335 1.8807458877563477 -0.049376580864191055
v 0.016635999083518982 1.877524971961975 -0.04380299896001816
v 0.013039994984865189 1.8783875703811646 -0.053094103932380676
v 0.0138330003246665 1.8802130222320557 -0.03427499905228615
v 0.012806231155991554 1.8829315900802612 -0.04384344443678856
v 0.010293999686837196 1.8785979747772217 -0.042072001844644547
v 0.0038109831511974335 1.8807458877563477 -0.049376580864191055
v 0.025018999353051186 1.8762760162353516 -0.04380499944090843
v 0.026197366416454315 1.8764945268630981 -0.05373292416334152
v 0.030061999335885048 1.8776309490203857 -0.034210000187158585
v 0.03594792261719704 1.878159999847412 -0.04227697104215622
v 0.027202999219298363 1.8763450384140015 -0.04186699911952019
v 0.030061746016144753 1.8769060373306274 -0.05143322795629501
v 0.03231000155210495 1.874891996383667 -0.043508000671863556
v 0.036240868270397186 1.874672532081604 -0.05270039662718773
v 0.030061999335885048 1.8776309490203857 -0.034210000187158585
v 0.03594792261719704 1.878159999847412 -0.04227697104215622
v 0.026587000116705894 1.8630989789962769 -0.07270000129938126
v 0.024125389754772186 1.8622347116470337 -0.08235368132591248
v 0.03106600046157837 1.8521889448165894 -0.08749300241470337
v 0.028627440333366394 1.8486658334732056 -0.0965285375714302
v 0.029102999716997147 1.8580410480499268 -0.07978499680757523
v 0.026963889598846436 1.8555244207382202 -0.08922378718852997
v 0.02613300085067749 1.8538860082626343 -0.08652299642562866
v 0.022999156266450882 1.8510864973068237 -0.09559724479913712
v 0.03106600046157837 1.8521889448165894 -0.08749300241470337
v 0.028627440333366394 1.8486658334732056 -0.0965285375714302
v 0.029102999716997147 1.8580410480499268 -0.07978499680757523
v 0.026963889598846436 1.8555244207382202 -0.08922378718852997
v 0.018295999616384506 1.8547309637069702 -0.08712500333786011
v 0.013394514098763466 1.8525183200836182 -0.095555879175663
v 0.023854000493884087 1.8531080484390259 -0.08821599930524826
v 0.020115599036216736 1.8500208854675293 -0.09696204960346222
v 0.021554000675678253 1.859004020690918 -0.0803690031170845
v 0.017056329175829887 1.8570857048034668 -0.08909203112125397
v 0.009833999909460545 1.8552570343017578 -0.08767300099134445
v 0.003339163027703762 1.853689193725586 -0.0951133668422699
v 0.015809999778866768 1.8538340330123901 -0.08885499835014343
v 0.010474484413862228 1.8513386249542236 -0.09693615883588791
v 0.004474000073969364 1.8602529764175415 -0.08100699633359909
v -0.003663567826151848 1.8599801063537598 -0.08681264519691467
v 0.0010310000507161021 1.8555079698562622 -0.08789800107479095
v -0.006594040896743536 1.8542430400848389 -0.09424297511577606
v 0.00737199978902936 1.864014983177185 -0.07526399940252304
v -0.0009268498979508877 1.864087462425232 -0.08084287494421005
v 0.004623000044375658 1.8759969472885132 -0.05050399899482727
v -0.0045420206151902676 1.878006100654602 -0.05396316200494766
v 0.086667999625206 1.7132519483566284 0.02592100016772747
v 0.08859079331159592 1.70344078540802 0.02570980228483677
v 0.08845199644565582 1.7238969802856445 0.024459000676870346
v 0.09086397290229797 1.7142009735107422 0.024045661091804504
v 0.08628199994564056 1.7111799716949463 0.027493000030517578
v 0.08806150406599045 1.701339602470398 0.027525028213858604
v 0.08231999725103378 1.8337459564208984 -0.05248799920082092
v 0.08904477208852768 1.8267707824707031 -0.054962702095508575
v 0.0761910006403923 1.842170000076294 -0.05357800051569939
v 0.0834035649895668 1.8360892534255981 -0.05689508095383644
v 0.07709400355815887 1.8374099731445312 -0.059783998876810074
v 0.08436025679111481 1.8311777114868164 -0.06267545372247696
v 0.07908499985933304 1.8429750204086304 -0.04243699833750725
v 0.08634354919195175 1.8370541334152222 -0.04593801870942116
v 0.08282399922609329 1.8275120258331299 -0.061030998826026917
v 0.08918531239032745 1.8201175928115845 -0.06323453038930893
v 0.08004400134086609 1.8266890048980713 -0.06814400106668472
v 0.08662543445825577 1.8195774555206299 -0.07061604410409927
v 0.08176500350236893 1.8281790018081665 -0.06269299983978271
v 0.08818741887807846 1.8208682537078857 -0.0649963766336441
v 0.07943800091743469 1.832082986831665 -0.06302300095558167
v 0.08607052266597748 1.825055718421936 -0.06559725105762482
v 0.07378300279378891 1.8508659601211548 -0.0369269996881485
v 0.0810723677277565 1.8465707302093506 -0.042257700115442276
v 0.07536499947309494 1.8505510091781616 -0.03085000067949295
v 0.08210510015487671 1.846276044845581 -0.03687459975481033
v 0.0801130011677742 1.8448560237884521 -0.029433999210596085
v 0.0868634358048439 1.8395863771438599 -0.03459751605987549
v 0.08425699919462204 1.836495041847229 -0.03568600118160248
v 0.09118816256523132 1.830081582069397 -0.03897634893655777
v 0.09127099812030792 1.7933670282363892 0.0031769999768584967
v 0.0972171351313591 1.7854148149490356 0.0019909730181097984
v 0.09038099646568298 1.7995749711990356 0.0070940000005066395
v 0.09636598825454712 1.7916500568389893 0.00592100340873003
v 0.09060200303792953 1.795765995979309 0.007081999909132719
v 0.09656399488449097 1.787827968597412 0.005881000775843859
v 0.09128200262784958 1.7862329483032227 0.005260000005364418
v 0.09717465937137604 1.7782411575317383 0.004073867574334145
v 0.09060599654912949 1.8074990510940552 -0.0006900000153109431
v 0.09673510491847992 1.7996768951416016 -0.0018070187652483582
v 0.08976799994707108 1.8021700382232666 0.009751999750733376
v 0.095746248960495 1.794236660003662 0.008601953275501728
v 0.08852899819612503 1.8031680583953857 0.017052000388503075
v 0.0944070890545845 1.7951215505599976 0.016214845702052116
v 0.0904960036277771 1.7925560474395752 0.00901199970394373
v 0.09638603776693344 1.784566044807434 0.007800992578268051
v 0.0919099971652031 1.7745660543441772 -0.06286799907684326
v 0.09672974050045013 1.766311526298523 -0.06580627709627151
v 0.09254900366067886 1.7748759984970093 -0.059866998344659805
v 0.09739388525485992 1.7666043043136597 -0.06271427869796753
v 0.09113200008869171 1.7813270092010498 -0.06450500339269638
v 0.09596045315265656 1.7730236053466797 -0.0672871470451355
v 0.09174100309610367 1.7822870016098022 -0.0616689994931221
v 0.09703642129898071 1.774259328842163 -0.06441028416156769
v 0.0899059996008873 1.7760380506515503 -0.06992900371551514
v 0.09403223544359207 1.767580270767212 -0.07331129908561707
v 0.09088899940252304 1.7907819747924805 -0.06264500319957733
v 0.09668945521116257 1.7830350399017334 -0.06516292691230774
v 0.0906979963183403 1.7862099409103394 -0.06471499800682068
v 0.09593754261732101 1.7781388759613037 -0.06743639707565308
v 0.015087000094354153 1.874461054801941 0.0418890006840229
v 0.020366769284009933 1.8737372159957886 0.05035068839788437
v 0.015607999637722969 1.8681230545043945 0.056818000972270966
v 0.018967280164361 1.8660002946853638 0.06599455326795578
v 0.01920199953019619 1.8726160526275635 0.04513600096106529
v 0.024157676845788956 1.8716429471969604 0.05376701056957245
v 0.023101000115275383 1.8733619451522827 0.041165001690387726
v 0.028727004304528236 1.8724044561386108 0.04937665909528732
v 0.023723000660538673 1.8708759546279907 0.04767899960279465
v 0.028472885489463806 1.8693331480026245 0.05634262412786484
v 0.0023880000226199627 1.8773880004882812 0.035905998200178146
v 0.008075045421719551 1.8776133060455322 0.044128332287073135
v 0.0066650002263486385 1.8784699440002441 0.03159800171852112
v 0.013130521401762962 1.878847360610962 0.03921736031770706
v 0.007548999972641468 1.8761759996414185 0.039292000234127045
v 0.012975476682186127 1.875857949256897 0.04768557846546173
v 0.002343999920412898 1.8739349842071533 0.04603800177574158
v 0.00684785284101963 1.8734923601150513 0.054955366998910904
v 0.006461000069975853 1.8715180158615112 0.05154800042510033
v 0.010324366390705109 1.8701258897781372 0.060665909200906754
v 0.007197999861091375 1.8644659519195557 0.06485600024461746
v 0.00957016833126545 1.861749529838562 0.07418304681777954
v 0.0022440000902861357 1.8660919666290283 0.062369998544454575
v 0.0042202831245958805 1.8640272617340088 0.07195285707712173
v 0.006351999938488007 1.8676749467849731 0.05936000123620033
v 0.008935939520597458 1.8658398389816284 0.0688444972038269
v 0.023043999448418617 1.8631880283355713 0.06351400166749954
v 0.026404445990920067 1.8602982759475708 0.07247820496559143
v 0.018650999292731285 1.8649779558181763 0.06166300177574158
v 0.021650511771440506 1.8624826669692993 0.07087040692567825
v 0.029903000220656395 1.8688859939575195 0.04899900034070015
v 0.03507480397820473 1.8674501180648804 0.05743646249175072
v 0.031075000762939453 1.872871994972229 0.036972999572753906
v 0.0376727320253849 1.872431993484497 0.044474754482507706
v 0.019487999379634857 1.8759039640426636 0.03505599871277809
v 0.026207774877548218 1.8759840726852417 0.04246127977967262
v 0.023440999910235405 1.8764610290527344 0.03054100088775158
v 0.031090501695871353 1.8768086433410645 0.03697251155972481
v 0.01608099974691868 1.8753869533538818 0.038809001445770264
v 0.021838277578353882 1.8747626543045044 0.04696154594421387
v 0.011130999773740768 1.8768930435180664 0.03561900183558464
v 0.017199384048581123 1.8770103454589844 0.04356638714671135
v 0.015316000208258629 1.8776819705963135 0.031177999451756477
v 0.022418934851884842 1.877861499786377 0.03821476548910141
v 0.01608099974691868 1.8753869533538818 0.038809001445770264
v 0.021838277578353882 1.8747626543045044 0.04696154594421387
v 0.03308200091123581 1.6563279628753662 -0.07090400159358978
v 0.03430226817727089 1.6464296579360962 -0.07017364352941513
v 0.031511999666690826 1.652987003326416 -0.0705220028758049
v 0.03309985250234604 1.6431140899658203 -0.07045483589172363
v 0.0733719989657402 1.8451449871063232 0.030392000451683998
v 0.0809730589389801 1.8387212753295898 0.031371939927339554
v 0.07482399791479111 1.8448079824447632 0.02530200034379959
v 0.08253355324268341 1.8384524583816528 0.02571461908519268
v 0.08235800266265869 1.833804965019226 0.015321999788284302
v 0.08968789130449295 1.827020525932312 0.014827602542936802
v 0.07400300353765488 1.8469239473342896 0.0230260007083416
v 0.08188963681459427 1.8407871723175049 0.023400599136948586
v 0.07183700054883957 1.8507510423660278 0.019495999440550804
v 0.08008009195327759 1.8450989723205566 0.019821634516119957
v 0.07298699766397476 1.8483680486679077 0.022776000201702118
v 0.08097974956035614 1.8423727750778198 0.023190712556242943
v 0.06848300248384476 1.844269037246704 0.045705001801252365
v 0.07575719803571701 1.8377066850662231 0.04771029204130173
v 0.07357999682426453 1.8408010005950928 0.03830299898982048
v 0.08063634485006332 1.833948016166687 0.04010440409183502
v 0.07765199989080429 1.8337359428405762 0.03653699904680252
v 0.08423613011837006 1.8264988660812378 0.03860418125987053
v 0.0754769966006279 1.836603045463562 0.0394739992916584
v 0.08199848979711533 1.8293120861053467 0.0415506586432457
v 0.0809670016169548 1.8351500034332275 0.019957000389695168
v 0.08831330388784409 1.8283661603927612 0.019848907366394997
v 0.08135499805212021 1.8330609798431396 0.022262999787926674
v 0.08876486867666245 1.826346755027771 0.02237510494887829
v 0.07930900156497955 1.8367279767990112 0.025227999314665794
v 0.08691975474357605 1.830265760421753 0.025789719074964523
v 0.08094199746847153 1.7599070072174072 -0.09049899876117706
v 0.0849512368440628 1.7513980865478516 -0.09389358758926392
v 0.08155400305986404 1.755282998085022 -0.08913200348615646
v 0.08584793657064438 1.746990442276001 -0.09270910918712616
v 0.07842499762773514 1.7756550312042236 -0.09402699768543243
v 0.08132046461105347 1.7667664289474487 -0.0975780338048935
v 0.07892200350761414 1.7698839902877808 -0.09362199902534485
v 0.08209089189767838 1.761001706123352 -0.09694798290729523
v 0.0833899974822998 1.7789369821548462 -0.08497399836778641
v 0.08665139228105545 1.7702171802520752 -0.08862491697072983
v 0.0816039964556694 1.7816280126571655 -0.08786699920892715
v 0.08501122146844864 1.7729573249816895 -0.09150150418281555
v 0.08447200059890747 1.7733529806137085 -0.08374500274658203
v 0.08739321678876877 1.7645593881607056 -0.08750513941049576
v 0.08659300208091736 1.7594139575958252 -0.08062800019979477
v 0.09051064401865005 1.7511242628097534 -0.08461970835924149
v 0.09265299886465073 1.8024669885635376 -0.01587199978530407
v 0.09884265065193176 1.7946964502334595 -0.017014935612678528
v 0.09320399910211563 1.7947490215301514 -0.01474899984896183
v 0.09922695904970169 1.7868520021438599 -0.015915991738438606
v 0.09315100312232971 1.7924150228500366 -0.0125730000436306
v 0.09912478923797607 1.7844852209091187 -0.013769958168268204
v 0.09404099732637405 1.7914090156555176 -0.022979000583291054
v 0.10003481805324554 1.7835029363632202 -0.02423117123544216
v 0.09267199784517288 1.8063410520553589 -0.026172999292612076
v 0.09926777333021164 1.7989091873168945 -0.027296962216496468
v 0.09285599738359451 1.8042449951171875 -0.022962000221014023
v 0.09928162395954132 1.7966694831848145 -0.024111932143568993
v 0.09130699932575226 1.8082079887390137 -0.00810300000011921
v 0.09756086021661758 1.8004791736602783 -0.009177974425256252
v 0.09215299785137177 1.7998310327529907 -0.007826999761164188
v 0.09819839149713516 1.7919495105743408 -0.00898207537829876
v 0.09213999658823013 1.797234058380127 -0.005836000200361013
v 0.09814908355474472 1.78932785987854 -0.007012016139924526
v 0.09272900223731995 1.7900429964065552 -0.00737799983471632
v 0.09865342080593109 1.7820783853530884 -0.00858908612281084
v 0.09384600073099136 1.7654019594192505 -0.054993998259305954
v 0.09889647364616394 1.757074236869812 -0.05726155638694763
v 0.0940990000963211 1.7663060426712036 -0.052772000432014465
v 0.09919531643390656 1.75800359249115 -0.05502947047352791
v 0.09413900226354599 1.7780109643936157 -0.04831299930810928
v 0.09915220737457275 1.7696969509124756 -0.05071001499891281
v 0.09438200294971466 1.7632399797439575 -0.04800700023770332
v 0.09928738325834274 1.7546871900558472 -0.04967615008354187
v 0.0202649999409914 1.8364319801330566 0.09453199803829193
v 0.02177244797348976 1.8305166959762573 0.10245263576507568
v 0.015289000235497952 1.8363720178604126 0.0954969972372055
v 0.01655587926506996 1.8300726413726807 0.10315942019224167
v 0.01039700023829937 1.8386759757995605 0.09437199681997299
v 0.011321868747472763 1.8327285051345825 0.10235776752233505
v 0.019878000020980835 1.831684947013855 0.09780199825763702
v 0.021177692338824272 1.8250302076339722 0.10515222698450089
v 0.015571000054478645 1.8403509855270386 0.09240200370550156
v 0.017035340890288353 1.8345638513565063 0.10042478144168854
v 0.0027260000351816416 1.8342009782791138 0.09808699786663055
v 0.003124958137050271 1.827558994293213 0.10555192828178406
v 0.005450000055134296 1.8272149562835693 0.10195600241422653
v 0.005745637696236372 1.8200454711914062 0.10892102122306824
v 0.0002880000101868063 1.827265977859497 0.10209400206804276
v 0.0005395117914304137 1.8198148012161255 0.10875856131315231
v 0.0026499999221414328 1.8299529552459717 0.10061000287532806
v 0.0029336088337004185 1.8230080604553223 0.10779943317174911
v 0.005450000055134296 1.8272149562835693 0.10195600241422653
v 0.005745637696236372 1.8200454711914062 0.10892102122306824
v 0.01472300011664629 1.827059030532837 0.10119800269603729
v 0.015735134482383728 1.8199509382247925 0.10815867781639099
v 0.02365100011229515 1.8291590213775635 0.09845899790525436
v 0.025093775242567062 1.822356939315796 0.10564582049846649
v 0.09069599956274033 1.7381579875946045 0.015118000097572803
v 0.09335523843765259 1.7285399436950684 0.014468452893197536
v 0.09045899659395218 1.7354090213775635 0.013140000402927399
v 0.09313995391130447 1.7258009910583496 0.012433486059308052
v 0.09115800261497498 1.7473490238189697 0.018681000918149948
v 0.0943882018327713 1.7379016876220703 0.018120096996426582
v 0.08879999816417694 1.725625991821289 0.016069000586867332
v 0.09132605046033859 1.7159699201583862 0.015452742576599121
v 0.09405700117349625 1.7595399618148804 -0.03557699918746948
v 0.09649519622325897 1.7527930736541748 -0.04254370927810669
v 0.008841999806463718 1.8199399709701538 0.10474199801683426
v 0.009397986344993114 1.8122533559799194 0.11111430078744888
v 0.012020999565720558 1.8172279596328735 0.10542699694633484
v 0.01246288139373064 1.809348225593567 0.11156824231147766
v 0.0060789999552071095 1.8230910301208496 0.10375899821519852
v 0.006405663210898638 1.8155866861343384 0.11036039888858795
v 0.0018560000462457538 1.8245270252227783 0.10325899720191956
v 0.002059431979432702 1.817089319229126 0.10994018614292145
v 0.005257000215351582 1.8217840194702148 0.10429000109434128
v 0.005513536278158426 1.8141740560531616 0.11077255755662918
v 0.005944000091403723 1.8186850547790527 0.10538099706172943
v 0.006243603304028511 1.810860276222229 0.11160053312778473
v 0.009046000428497791 1.8244199752807617 0.1029609963297844
v 0.009671301580965519 1.8170536756515503 0.10969502478837967
v 0.012531000189483166 1.8260079622268677 0.10194700211286545
v 0.013239335268735886 1.8188084363937378 0.10885101556777954
v 0.07128600031137466 1.7830239534378052 0.07743900269269943
v 0.07439935952425003 1.7744007110595703 0.08143231272697449
v 0.07513599842786789 1.783355951309204 0.07117199897766113
v 0.0792580395936966 1.775102972984314 0.0750315934419632
v 0.07064799964427948 1.7828669548034668 0.07832200080156326
v 0.07363978028297424 1.7741649150848389 0.0822366327047348
v 0.06890899688005447 1.783355951309204 0.08049099892377853
v 0.07182883471250534 1.7746785879135132 0.08451328426599503
v 0.06774500012397766 1.7793209552764893 0.08164499700069427
v 0.07000481337308884 1.7701475620269775 0.08492253720760345
v 0.054416000843048096 1.816406011581421 0.08819100260734558
v 0.05785130709409714 1.8088011741638184 0.09370151907205582
v 0.058444999158382416 1.812391996383667 0.08576499670743942
v 0.061803944408893585 1.8045845031738281 0.09103375673294067
v 0.04775200039148331 1.8205269575119019 0.09207399934530258
v 0.05096830800175667 1.8132109642028809 0.09808491915464401
v 0.04911499843001366 1.8137869834899902 0.09392400085926056
v 0.05177552253007889 1.806117057800293 0.0997629314661026
v 0.049237001687288284 1.8110729455947876 0.09478799998760223
v 0.05145774781703949 1.8031946420669556 0.10053269565105438
v 0.06025199964642525 1.8128700256347656 0.08350499719381332
v 0.06368687003850937 1.8051069974899292 0.08879049867391586
v 0.08724699914455414 1.7626559734344482 0.038791000843048096
v 0.09193971008062363 1.7539124488830566 0.04002750292420387
v 0.08592499792575836 1.772076964378357 0.03886200115084648
v 0.09053250402212143 1.763393759727478 0.040698591619729996
v 0.08538199961185455 1.7882139682769775 0.037080999463796616
v 0.08928230404853821 1.779266119003296 0.03925440460443497
v 0.08811700344085693 1.7768199443817139 0.026605000719428062
v 0.09291411191225052 1.768046498298645 0.02672410197556019
v 0.08685100078582764 1.7862950563430786 0.030611999332904816
v 0.09085647016763687 1.77725088596344 0.032081637531518936
v 0.08447600156068802 1.793010950088501 0.040077000856399536
v 0.08869069814682007 1.7842332124710083 0.04235453903675079
v 0.06833700090646744 1.736739993095398 -0.09960799664258957
v 0.06903041154146194 1.7267650365829468 -0.09974908083677292
v 0.07020100206136703 1.735748052597046 -0.09724099934101105
v 0.0709352046251297 1.7257753610610962 -0.09731302410364151
v 0.06840500235557556 1.7326010465621948 -0.09748700261116028
v 0.0691102147102356 1.7226269245147705 -0.09762704372406006
v 0.06340300291776657 1.7456309795379639 -0.10702300071716309
v 0.0641830787062645 1.7356802225112915 -0.10763484984636307
v 0.065699003636837 1.7444419860839844 -0.1048860028386116
v 0.06646780669689178 1.7344846725463867 -0.10539653152227402
v 0.06866200268268585 1.7493489980697632 -0.10351499915122986
v 0.06978092342615128 1.73944091796875 -0.10427530854940414
v 0.07002999633550644 1.7449339628219604 -0.10099799931049347
v 0.07107243686914444 1.7350013256072998 -0.10150469839572906
v 0.07465100288391113 1.743237018585205 -0.09533300250768661
v 0.0755818784236908 1.7332825660705566 -0.09554019570350647
v 0.07311400026082993 1.740218997001648 -0.09584199637174606
v 0.07418378442525864 1.730278730392456 -0.09605715423822403
v 0.06925100088119507 1.7288379669189453 -0.09446900337934494
v 0.06999409198760986 1.7188657522201538 -0.09452901035547256
v 0.0709730014204979 1.7278729677200317 -0.09181299805641174
v 0.07188611477613449 1.7179148197174072 -0.09184900671243668
v 0.06222600117325783 1.7323119640350342 -0.10308700054883957
v 0.06273220479488373 1.722329020500183 -0.10337911546230316
v 0.060075998306274414 1.7287770509719849 -0.10317999869585037
v 0.06047603860497475 1.7187870740890503 -0.10338301211595535
v 0.0640920028090477 1.7360119819641113 -0.10324999690055847
v 0.06461320072412491 1.7260290384292603 -0.10351510345935822
v 0.07239899784326553 1.6867519617080688 -0.03749199956655502
v 0.07472062110900879 1.6770331859588623 -0.037886276841163635
v 0.07895000278949738 1.7005490064620972 -0.043845001608133316
v 0.08158503472805023 1.6909518241882324 -0.04482001066207886
v 0.07827100157737732 1.7004029750823975 -0.04536300152540207
v 0.08072206377983093 1.6907707452774048 -0.04646402969956398
v 0.07592199742794037 1.6908290386199951 -0.03458400070667267
v 0.07853613048791885 1.6811928749084473 -0.0351412408053875
v 0.09354399889707565 1.792436957359314 -0.04576300084590912
v 0.09969628602266312 1.7847926616668701 -0.047690339386463165
v 0.09387300163507462 1.795873999595642 -0.035305000841617584
v 0.10010809451341629 1.788189172744751 -0.036742717027664185
v 0.09351400285959244 1.7984139919281006 -0.037797000259160995
v 0.09998296946287155 1.7909307479858398 -0.03926444798707962
v 0.09399700164794922 1.7878700494766235 -0.044218000024557114
v 0.09979353100061417 1.7799568176269531 -0.04616251960396767
v 0.09328500181436539 1.8013830184936523 -0.03606100007891655
v 0.09988058358430862 1.7940053939819336 -0.03749912604689598
v 0.09400399774312973 1.7946330308914185 -0.03089500032365322
v 0.1001305803656578 1.78684401512146 -0.03223534673452377
v 0.09455999732017517 1.786545991897583 -0.032267000526189804
v 0.1002412810921669 1.778444766998291 -0.033713582903146744
v 0.09450799971818924 1.7871119976043701 -0.028574999421834946
v 0.10028086602687836 1.7790623903274536 -0.02994544245302677
v 0.0943790003657341 1.7884429693222046 -0.03601200133562088
v 0.10023678839206696 1.7804903984069824 -0.03757527843117714
v 0.07647600024938583 1.729254961013794 -0.0850910022854805
v 0.07813508808612823 1.7193974256515503 -0.08536901324987411
v 0.08188600093126297 1.739758014678955 -0.08356200158596039
v 0.0834730714559555 1.7299045324325562 -0.08418703079223633
v 0.0801910012960434 1.7383830547332764 -0.08540599793195724
v 0.08175290375947952 1.7285115718841553 -0.08574497699737549
v 0.07731299847364426 1.7436610460281372 -0.0920419991016388
v 0.07863976806402206 1.733754277229309 -0.09235017746686935
v 0.08103299885988235 1.7481449842453003 -0.08841700106859207
v 0.08484002947807312 1.7392683029174805 -0.09100741893053055
v 0.08160000294446945 1.745481014251709 -0.08654099702835083
v 0.08325126022100449 1.7356455326080322 -0.08727356046438217
v 0.08268299698829651 1.7350959777832031 -0.07922299951314926
v 0.0846451073884964 1.7253365516662598 -0.0801730528473854
v 0.03868599981069565 1.7440279722213745 -0.12072499841451645
v 0.039194505661726 1.7340950965881348 -0.12176403403282166
v 0.03944699838757515 1.738178014755249 -0.11865700036287308
v 0.039904505014419556 1.7282259464263916 -0.11952196061611176
v 0.037303999066352844 1.7429620027542114 -0.12100599706172943
v 0.03778349980711937 1.7330286502838135 -0.1220540925860405
v 0.03414599969983101 1.743919014930725 -0.12256699800491333
v 0.034689586609601974 1.7340084314346313 -0.12378530949354172
v 0.029014000669121742 1.7289379835128784 -0.11968699842691422
v 0.02927316725254059 1.718962550163269 -0.12033742666244507
v 0.032533999532461166 1.742840051651001 -0.12287700176239014
v 0.03303153067827225 1.7329344749450684 -0.12415435910224915
v 0.029601000249385834 1.7540420293807983 -0.12615300714969635
v 0.030818019062280655 1.7446551322937012 -0.12937869131565094
v 0.035964999347925186 1.748795986175537 -0.12283100187778473
v 0.036802299320697784 1.7390238046646118 -0.124781034886837
v 0.03809100016951561 1.7530109882354736 -0.12280300259590149
v 0.03892109915614128 1.743237018585205 -0.12474757432937622
v 0.03492400050163269 1.7541329860687256 -0.12427199631929398
v 0.035882044583559036 1.7444535493850708 -0.12659353017807007
v 0.0068789999932050705 1.65408194065094 -0.07876099646091461
v 0.007033431436866522 1.644084095954895 -0.0786256194114685
v 0.08458799868822098 1.6990669965744019 0.00534699996933341
v 0.08603217452764511 1.6891719102859497 0.005296959076076746
v 0.0797479972243309 1.6857730150222778 0.006351999938488007
v 0.08057431131601334 1.6758073568344116 0.006397016812115908
v 0.016371000558137894 1.7302839756011963 -0.12421099841594696
v 0.016604138538241386 1.7203270196914673 -0.125108540058136
v 0.005090999882668257 1.7175090312957764 -0.12100200355052948
v 0.005129999481141567 1.7075661420822144 -0.12206799536943436
v 0.006684999912977219 1.7424370050430298 -0.1296350061893463
v 0.0074221789836883545 1.7328637838363647 -0.13242946565151215
v 0.00202700006775558 1.7392810583114624 -0.12913499772548676
v 0.0027270116843283176 1.72965407371521 -0.131748765707016
v 0.005876000039279461 1.7454930543899536 -0.13029499351978302
v 0.0068403584882617 1.736136794090271 -0.13369078934192657
v 0.014692000113427639 1.7531429529190063 -0.13018999993801117
v 0.016026128083467484 1.7442175149917603 -0.13449765741825104
v 0.010018999688327312 1.74965500831604 -0.13042299449443817
v 0.011279723607003689 1.7405375242233276 -0.1343323439359665
v 0.027285000309348106 1.7462530136108398 -0.1255130022764206
v 0.027947615832090378 1.7364789247512817 -0.1275198608636856
v 0.027807999402284622 1.7432550191879272 -0.12470000237226486
v 0.028335431590676308 1.7333768606185913 -0.12616421282291412
v 0.02284899912774563 1.7307100296020508 -0.1224989965558052
v 0.023085087537765503 1.7207362651824951 -0.1231832504272461
v 0.024252999573946 1.7185790538787842 -0.11681800335645676
v 0.024464990943670273 1.708599328994751 -0.11741897463798523
v 0.025717999786138535 1.724748969078064 -0.1192220002412796
v 0.025889001786708832 1.7147618532180786 -0.11970099806785583
v 0.01565600000321865 1.721256971359253 -0.12071499973535538
v 0.015880046412348747 1.7112929821014404 -0.12153217196464539
v 0.011913999915122986 1.7177729606628418 -0.12001299858093262
v 0.012045003473758698 1.7078148126602173 -0.12091702222824097
v 0.08380399644374847 1.8121449947357178 0.03484899923205376
v 0.08967313915491104 1.8044488430023193 0.037363629788160324
v 0.08474399894475937 1.8078999519348145 0.03328999876976013
v 0.08976230025291443 1.7995835542678833 0.035667989403009415
v 0.08463200181722641 1.8027169704437256 0.03633999824523926
v 0.08922432363033295 1.7941349744796753 0.03863365948200226
v 0.0852380022406578 1.8155549764633179 0.025868000462651253
v 0.09145700931549072 1.8077726364135742 0.026739701628684998
v 0.08422999829053879 1.817330002784729 0.028894999995827675
v 0.09051990509033203 1.809777855873108 0.030739732086658478
v 0.0830020010471344 1.8193279504776 0.032572001218795776
v 0.08973395824432373 1.8123507499694824 0.03502153232693672
v 0.0796699970960617 1.8218779563903809 0.04273800179362297
v 0.08570658415555954 1.8144135475158691 0.045538514852523804
v 0.08022700250148773 1.8156499862670898 0.04541200026869774
v 0.08598068356513977 1.8080202341079712 0.04835842177271843
v 0.08303599804639816 1.8076499700546265 0.04038200154900551
v 0.08840661495923996 1.7996366024017334 0.04301675409078598
v 0.08471199870109558 1.8246599435806274 0.01839499920606613
v 0.09187852591276169 1.8176915645599365 0.01810893788933754
v 0.08698099851608276 1.8158349990844727 0.016054999083280563
v 0.0934331864118576 1.8082317113876343 0.015306978486478329
v 0.08563400059938431 1.8186579942703247 0.020837999880313873
v 0.09231313318014145 1.8112196922302246 0.020589957013726234
v 0.08733899891376495 1.8194899559020996 0.009337999857962132
v 0.09392325580120087 1.8120157718658447 0.008452965877950191
v 0.08419500291347504 1.8308030366897583 0.010178999975323677
v 0.09144973754882812 1.8239524364471436 0.009516658261418343
v 0.08411700278520584 1.826606035232544 0.018710000440478325
v 0.09144887328147888 1.8198132514953613 0.01838991791009903
v 0.08108700066804886 1.8270879983901978 0.03252299875020981
v 0.08793623745441437 1.8201706409454346 0.034811753779649734
v 0.08444999903440475 1.820639967918396 0.024629000574350357
v 0.0912996381521225 1.8133771419525146 0.025206390768289566
v 0.08810800313949585 1.8053840398788452 0.01820099912583828
v 0.09399674832820892 1.7973299026489258 0.017526913434267044
v 0.08770100027322769 1.8110820055007935 0.016540000215172768
v 0.09373422712087631 1.8031487464904785 0.01572597026824951
v 0.0885080024600029 1.8094840049743652 0.012757999822497368
v 0.09463730454444885 1.8016446828842163 0.01176995038986206
v 0.08871600031852722 1.8066339492797852 0.013780999928712845
v 0.09476570785045624 1.7987329959869385 0.012792883440852165
v 0.08834099769592285 1.8119479417800903 0.011746999807655811
v 0.09456683695316315 1.8041822910308838 0.01078102644532919
v 0.08807600289583206 1.773179054260254 0.02824700064957142
v 0.09272516518831253 1.764342188835144 0.02878948673605919
v 0.08755400031805038 1.7693480253219604 0.03262399882078171
v 0.09220927953720093 1.7605911493301392 0.03390645608305931
v 0.08831699937582016 1.762686014175415 0.03329100087285042
v 0.09295807778835297 1.753873348236084 0.03418397530913353
v 0.09076900035142899 1.7546000480651855 0.022388000041246414
v 0.09469322115182877 1.7454067468643188 0.02209761179983616
v 0.07913199812173843 1.8470289707183838 -0.014953999780118465
v 0.08554951101541519 1.8434205055236816 -0.021721141412854195
v 0.07810399681329727 1.8462380170822144 0.0030849999748170376
v 0.08581767976284027 1.8399416208267212 0.002160480013117194
v 0.0733100026845932 1.8538739681243896 -0.021542999893426895
v 0.07969707250595093 1.850985050201416 -0.028674600645899773
v 0.07458599656820297 1.8520159721374512 -0.0027840000111609697
v 0.08270636945962906 1.8470842838287354 -0.0059045241214334965
v 0.0746069997549057 1.8508490324020386 0.004654000047594309
v 0.0828016996383667 1.845139980316162 0.004150034859776497
v 0.0719280019402504 1.8524080514907837 0.012455999851226807
v 0.0803237184882164 1.8469791412353516 0.012654394842684269
v 0.07708299905061722 1.8470209836959839 0.006252999883145094
v 0.08465812355279922 1.8405064344406128 0.005831381306052208
v 0.0774419978260994 1.844910979270935 0.012515000067651272
v 0.08503883332014084 1.8384116888046265 0.012296688742935658
v 0.08254700154066086 1.8392419815063477 -0.0023580000270158052
v 0.08984903991222382 1.8325936794281006 -0.003932733088731766
v 0.08409299701452255 1.8368690013885498 -0.0067159999161958694
v 0.09120441973209381 1.8303152322769165 -0.00926065444946289
v 0.08456700295209885 1.8364189863204956 -0.009719000197947025
v 0.0914706364274025 1.8303072452545166 -0.013590283691883087
v 0.08314599841833115 1.8397719860076904 -0.012226000428199768
v 0.08975272625684738 1.8349266052246094 -0.01795957051217556
v 0.08508600294589996 1.8362690210342407 -0.026753999292850494
v 0.09162373840808868 1.8302408456802368 -0.03132771700620651
v 0.08234799653291702 1.8419790267944336 -0.018998000770807266
v 0.0885460153222084 1.8375152349472046 -0.025452349334955215
v 0.08060000091791153 1.8446029424667358 -0.022220000624656677
v 0.0870903804898262 1.8402800559997559 -0.028480008244514465
v 0.08226200193166733 1.84175705909729 -0.026598000898957253
v 0.08899925649166107 1.8364511728286743 -0.03174159303307533
v 0.08234799653291702 1.8419790267944336 -0.018998000770807266
v 0.0885460153222084 1.8375152349472046 -0.025452349334955215
v 0.07716000080108643 1.8493900299072266 -0.02185799926519394
v 0.08361903578042984 1.8458999395370483 -0.028647704049944878
v 0.02980099990963936 1.6765179634094238 -0.08615700155496597
v 0.02980099990963936 1.6665370464324951 -0.08553987741470337
v 0.02833300083875656 1.6713999509811401 -0.08310700207948685
v 0.028450028970837593 1.661455512046814 -0.08206073939800262
v 0.027375999838113785 1.6600860357284546 -0.0761990025639534
v 0.02800798788666725 1.650175929069519 -0.07502029091119766
v 0.026683999225497246 1.6625109910964966 -0.07795999944210052
v 0.026982447132468224 1.652645230293274 -0.07635459303855896
v 0.018993999809026718 1.670164942741394 -0.08632399886846542
v 0.019039005041122437 1.6602046489715576 -0.08543488383293152
v 0.02600499987602234 1.680387020111084 -0.09105099737644196
v 0.02574295923113823 1.670393466949463 -0.09080496430397034
v 0.024848999455571175 1.6830840110778809 -0.0936330035328865
v 0.024542996659874916 1.6730889081954956 -0.09356600046157837
v 0.07173799723386765 1.7696830034255981 -0.10321000218391418
v 0.0748608261346817 1.7605427503585815 -0.10579917579889297
v 0.06968899816274643 1.7673189640045166 -0.10517299920320511
v 0.072530098259449 1.7580229043960571 -0.10752056539058685
v 0.07092700153589249 1.7631030082702637 -0.10368700325489044
v 0.07390158623456955 1.7538487911224365 -0.10603483021259308
v 0.07237900048494339 1.779541015625 -0.10207299888134003
v 0.0757201611995697 1.7708251476287842 -0.10566046833992004
v 0.0703589990735054 1.777312994003296 -0.10442999750375748
v 0.07365147769451141 1.768446922302246 -0.10767841339111328
v 0.0668260008096695 1.7544440031051636 -0.10631100088357925
v 0.0680042952299118 1.7445708513259888 -0.10737507045269012
v 0.06861499696969986 1.7709460258483887 -0.10647699981927872
v 0.07129634916782379 1.761621356010437 -0.10889802128076553
v 0.06633500009775162 1.7683659791946411 -0.10831599682569504
v 0.06862777471542358 1.7588775157928467 -0.11048661917448044
v 0.06843899935483932 1.7741219997406006 -0.1065950021147728
v 0.07113677263259888 1.7648934125900269 -0.10934382677078247
v 0.07000300288200378 1.7915430068969727 -0.1029060035943985
v 0.07385659962892532 1.7834184169769287 -0.10728108882904053
v 0.0710730031132698 1.787451982498169 -0.10239099711179733
v 0.07474179565906525 1.7791284322738647 -0.10654529184103012
v 0.07512599974870682 1.7807350158691406 -0.098301000893116
v 0.078309565782547 1.7720372676849365 -0.10207122564315796
v 0.0760200023651123 1.7871079444885254 -0.0960329994559288
v 0.07960128039121628 1.778653860092163 -0.09999573975801468
v 0.0761210024356842 1.7739770412445068 -0.09745799750089645
v 0.07931234687566757 1.7651176452636719 -0.10082352161407471
v 0.07302799820899963 1.7531609535217285 -0.09997600317001343
v 0.07445914298295975 1.7433052062988281 -0.10087935626506805
v 0.07402200251817703 1.7599400281906128 -0.09999000281095505
v 0.07753068953752518 1.7509149312973022 -0.10248733311891556
v 0.07196100056171417 1.7569249868392944 -0.10175199806690216
v 0.0752972736954689 1.747807264328003 -0.10414706915616989
v 0.0700559988617897 1.7538139820098877 -0.10322800278663635
v 0.07133740186691284 1.7439435720443726 -0.10419381409883499
v 0.05962999910116196 1.8193700313568115 -0.10092999786138535
v 0.06432019919157028 1.8118939399719238 -0.10563221573829651
v 0.056763000786304474 1.8169859647750854 -0.10436099767684937
v 0.0609380304813385 1.809675693511963 -0.10975808650255203
v 0.058639999479055405 1.8117749691009521 -0.10577400028705597
v 0.0629732608795166 1.8041244745254517 -0.11053767800331116
v 0.06035999953746796 1.8299150466918945 -0.09272000193595886
v 0.06633909791707993 1.8230637311935425 -0.09688050299882889
v 0.06119599938392639 1.8149720430374146 -0.10196299850940704
v 0.0658404752612114 1.807492971420288 -0.10670562833547592
v 0.06375499814748764 1.8204530477523804 -0.09643299877643585
v 0.06953337788581848 1.813251256942749 -0.10027288645505905
v 0.05514099821448326 1.8214099407196045 -0.10317199677228928
v 0.05774238333106041 1.8143951892852783 -0.10980718582868576
v 0.0529480017721653 1.8300199508666992 -0.09861499816179276
v 0.05415547639131546 1.8242652416229248 -0.10670359432697296
v 0.05485299974679947 1.824923038482666 -0.10103700309991837
v 0.057147856801748276 1.818365216255188 -0.10822921991348267
v 0.06553299725055695 1.836411952972412 -0.08068300038576126
v 0.0719422698020935 1.8299074172973633 -0.08475889265537262
v 0.06266400218009949 1.8352760076522827 -0.08510400354862213
v 0.06912215054035187 1.8289953470230103 -0.08944522589445114
v 0.0688289999961853 1.827355980873108 -0.08545099943876266
v 0.07517994940280914 1.8204586505889893 -0.08892828226089478
v 0.06989700347185135 1.8330810070037842 -0.07847099751234055
v 0.07635084539651871 1.8263001441955566 -0.08198781311511993
v 0.0670899972319603 1.832231044769287 -0.08288999646902084
v 0.07358942180871964 1.8256553411483765 -0.08670014142990112
v 0.06795500218868256 1.8178149461746216 -0.09377700090408325
v 0.07376915961503983 1.8104000091552734 -0.09712585806846619
v 0.06811600178480148 1.8145480155944824 -0.09570199996232986
v 0.07345184683799744 1.8068314790725708 -0.09916379302740097
v 0.06466200202703476 1.8019579648971558 -0.10489699989557266
v 0.06875035911798477 1.794019341468811 -0.10939860343933105
v 0.06225199997425079 1.7986890077590942 -0.10812400281429291
v 0.06625641882419586 1.7906631231307983 -0.11254556477069855
v 0.05891500040888786 1.808210015296936 -0.10725100338459015
v 0.06301363557577133 1.8003268241882324 -0.11183983832597733
v 0.056074999272823334 1.8054900169372559 -0.11015000194311142
v 0.06010633707046509 1.797621488571167 -0.11482270807027817
v 0.057948000729084015 1.8003109693527222 -0.11077900230884552
v 0.06193244084715843 1.7922801971435547 -0.11520960181951523
v 0.0854789987206459 1.7219820022583008 -0.059105001389980316
v 0.08851205557584763 1.7125518321990967 -0.06047302484512329
v 0.08571799844503403 1.7237000465393066 -0.06069599837064743
v 0.08867524564266205 1.7142401933670044 -0.06202511116862297
v 0.0860309973359108 1.7258199453353882 -0.0626240000128746
v 0.08907998353242874 1.7163959741592407 -0.06399999558925629
v 0.08650100231170654 1.727455973625183 -0.06343500316143036
v 0.08923304080963135 1.7179208993911743 -0.06470701843500137
v 0.08920399844646454 1.7341439723968506 -0.06363199651241302
v 0.09179331362247467 1.7245688438415527 -0.06490214914083481
v 0.024227000772953033 1.8814029693603516 -0.0008399999933317304
v 0.03386920318007469 1.8825933933258057 0.0015287176938727498
v 0.00963599979877472 1.8834279775619507 0.0013569999719038606
v 0.018052175641059875 1.8850927352905273 0.006494757253676653
v 0.012391000054776669 1.8824870586395264 0.007191999815404415
v 0.02084292843937874 1.883973479270935 0.012325748801231384
v 0.01558700017631054 1.8812719583511353 0.013836000114679337
v 0.02403109520673752 1.882457971572876 0.019060049206018448
v 0.009424000047147274 1.8817570209503174 0.01567699946463108
v 0.01751134544610977 1.8823344707489014 0.02153031714260578
v 0.02126700058579445 1.881132960319519 -0.02355000004172325
v 0.02951800636947155 1.8824633359909058 -0.02904098480939865
v 0.02441300079226494 1.881369948387146 -0.01603900082409382
v 0.034149810671806335 1.8824362754821777 -0.01805330440402031
v 0.009738000109791756 1.8835890293121338 -0.014024999924004078
v 0.018688803538680077 1.885635256767273 -0.0100631695240736
v 0.012647000141441822 1.882261037826538 -0.023600000888109207
v 0.022443046793341637 1.8839031457901 -0.024757960811257362
v 0.007013999857008457 1.8835829496383667 -0.015759000554680824
v 0.01572251506149769 1.8861624002456665 -0.01157468929886818
v 0.0005179999861866236 1.8840340375900269 -0.013961000367999077
v 0.007812143303453922 1.886698842048645 -0.007660644594579935
v 0.0034469999372959137 1.8839420080184937 -0.007621000055223703
v 0.01111983135342598 1.886510968208313 -0.001744964625686407
v 0.006943000014871359 1.8836469650268555 -0.0002770000137388706
v 0.015031646937131882 1.8859087228775024 0.005150551907718182
v 0.0005080000264570117 1.8838770389556885 0.0014769999543204904
v 0.007983175106346607 1.885749340057373 0.00785010401159525
v 0.0034469999372959137 1.8839420080184937 -0.007621000055223703
v 0.01111983135342598 1.886510968208313 -0.001744964625686407
v 0.006943000014871359 1.8836469650268555 -0.0002770000137388706
v 0.015031646937131882 1.8859087228775024 0.005150551907718182
v 0.0005080000264570117 1.8838770389556885 0.0014769999543204904
v 0.007983175106346607 1.885749340057373 0.00785010401159525
v 0.003406000090762973 1.883128046989441 0.007402999792248011
v 0.011213768273591995 1.8847886323928833 0.013426395133137703
v 0.006744000129401684 1.879526972770691 0.02738500013947487
v 0.01379737351089716 1.880263328552246 0.03443536162376404
v 0.0004780000017490238 1.8794970512390137 0.02875700034201145
v 0.006926098372787237 1.8800959587097168 0.03637693077325821
v 0.0033420000690966845 1.8809700012207031 0.02134699933230877
v 0.010729482397437096 1.8818501234054565 0.028029093518853188
v 0.006744000129401684 1.879526972770691 0.02738500013947487
v 0.01379737351089716 1.880263328552246 0.03443536162376404
v 0.0004780000017490238 1.8794970512390137 0.02875700034201145
v 0.006926098372787237 1.8800959587097168 0.03637693077325821
v 0.012298000045120716 1.8804130554199219 0.020755000412464142
v 0.02022157609462738 1.8812518119812012 0.026797639206051826
v 0.015529000200331211 1.8787490129470825 0.026758000254631042
v 0.023153753951191902 1.8790253400802612 0.033222269266843796
v 0.00943399965763092 1.8791110515594482 0.028403999283909798
v 0.01645280048251152 1.879961371421814 0.03547601029276848
v 0.028372999280691147 1.8777769804000854 0.019801000133156776
v 0.037209317088127136 1.8783258199691772 0.024450533092021942
v 0.030937999486923218 1.8759479522705078 0.02550699934363365
v 0.03936190903186798 1.8763096332550049 0.030883515253663063
v 0.025867000222206116 1.8767729997634888 0.027400000020861626
v 0.03398212790489197 1.8771005868911743 0.03323415666818619
v 0.028372999280691147 1.8777769804000854 0.019801000133156776
v 0.037209317088127136 1.8783258199691772 0.024450533092021942
v 0.031341999769210815 1.878322958946228 0.012803000397980213
v 0.04066561162471771 1.8788338899612427 0.016381993889808655
v 0.026232000440359116 1.8792929649353027 0.01474700029939413
v 0.03524596616625786 1.8798707723617554 0.01903822086751461
v 0.029002999886870384 1.8805780410766602 -0.008237999863922596
v 0.03896762803196907 1.8813822269439697 -0.008481699973344803
v 0.03165699914097786 1.879776954650879 -0.0012280000373721123
v 0.04162547364830971 1.8801922798156738 -0.0005519334226846695
v 0.08965899795293808 1.7501300573349 -0.07243599742650986
v 0.09387924522161484 1.7416224479675293 -0.07556815445423126
v 0.08826799690723419 1.747527003288269 -0.07495199888944626
v 0.09260942041873932 1.7390862703323364 -0.07809948176145554
v 0.0891909971833229 1.7498970031738281 -0.0735199972987175
v 0.09354633837938309 1.7415006160736084 -0.07676522433757782
v 0.08666200190782547 1.752964973449707 -0.07998300343751907
v 0.09129181504249573 1.7449431419372559 -0.08375329524278641
v 0.088407002389431 1.7680549621582031 -0.0757170021533966
v 0.09181187301874161 1.7594932317733765 -0.0796034187078476
v 0.09163600206375122 1.7646830081939697 -0.06599400192499161
v 0.09590262174606323 1.7560516595840454 -0.06869491934776306
v 0.010089999996125698 1.6696219444274902 -0.08831200003623962
v 0.010084996931254864 1.6596344709396362 -0.08781072497367859
v 0.012516000308096409 1.665263056755066 -0.08465000241994858
v 0.012602037750184536 1.6553045511245728 -0.08374360203742981
v 0.0057830000296235085 1.6739310026168823 -0.09231100231409073
v 0.005612866021692753 1.6639351844787598 -0.09254418313503265
v 0.015445999801158905 1.6769150495529175 -0.09248100221157074
v 0.015224989503622055 1.66692054271698 -0.09223298728466034
v 0.018345000222325325 1.6795129776000977 -0.09347300231456757
v 0.018050000071525574 1.6695189476013184 -0.09329299628734589
v 0.01571200042963028 1.6748180389404297 -0.09081699699163437
v 0.015561002306640148 1.6648280620574951 -0.0903950110077858
v 0.014185000211000443 1.6632399559020996 -0.08290000259876251
v 0.014323046430945396 1.6533066034317017 -0.0817556232213974
v 0.01206899993121624 1.6588389873504639 -0.08061599731445312
v 0.012220202013850212 1.6488966941833496 -0.07955357432365417
v 0.00042299999040551484 1.6741160154342651 -0.0928800031542778
v -0.00029540996183641255 1.6641925573349 -0.09187602996826172
v -0.00016700000560376793 1.6755919456481934 -0.09405899792909622
v -0.0008673730189912021 1.6656484603881836 -0.09326043725013733
v 0.018897999078035355 1.857064962387085 0.07368399947881699
v 0.02168939635157585 1.853485345840454 0.0825943723320961
v 0.021604999899864197 1.854612946510315 0.0762849971652031
v 0.024701109156012535 1.850692629814148 0.08494788408279419
v 0.00851100031286478 1.855314016342163 0.07778199762105942
v 0.010798864997923374 1.8513062000274658 0.08665349334478378
v 0.018605999648571014 1.8523650169372559 0.07968900352716446
v 0.02113010548055172 1.848204255104065 0.08842497318983078
v 0.021270999684929848 1.8498870134353638 0.08196999877691269
v 0.024005619809031487 1.8453677892684937 0.09046107530593872
v 0.008430000394582748 1.8500070571899414 0.08407200127840042
v 0.010471049696207047 1.846447229385376 0.09319131076335907
v 0.02642899937927723 1.8607430458068848 0.06612899899482727
v 0.029756801202893257 1.8576200008392334 0.07502689957618713
v 0.014313999563455582 1.8598450422286987 0.07082299888134003
v 0.017002830281853676 1.8566110134124756 0.07989554107189178
v 0.0004039999912492931 1.859848976135254 0.07224400341510773
v 0.002203945768997073 1.8565101623535156 0.0814967006444931
v 0.003014999907463789 1.8578439950942993 0.07481200248003006
v 0.0048393369652330875 1.854418158531189 0.08402806520462036
v 0.006138999946415424 1.8552249670028687 0.07810299843549728
v 0.00812135636806488 1.852247953414917 0.08744149655103683
v 0.008229999803006649 1.8452750444412231 0.08896300196647644
v 0.009767822921276093 1.8400843143463135 0.09737083315849304
v 0.025265000760555267 1.847046971321106 0.08389399945735931
v 0.02775747701525688 1.8422186374664307 0.09228891879320145
v 0.02841700054705143 1.8538520336151123 0.0751579999923706
v 0.03193866088986397 1.8497459888458252 0.08356862515211105
v 0.044992998242378235 1.6679240465164185 -0.0677189975976944
v 0.045657169073820114 1.6581518650054932 -0.06570345163345337
v 0.047453999519348145 1.6711269617080688 -0.06769800186157227
v 0.04789723455905914 1.6613737344741821 -0.06553485244512558
v 0.04430399835109711 1.6727850437164307 -0.07249899953603745
v 0.04468899965286255 1.6629470586776733 -0.07074800133705139
v 0.052939001470804214 1.6834759712219238 -0.07300599664449692
v 0.05370956286787987 1.6735516786575317 -0.07204929739236832
v 0.05541599914431572 1.686231017112732 -0.07270500063896179
v 0.05631967633962631 1.6762975454330444 -0.07199046015739441
v 0.055229999125003815 1.6886550188064575 -0.0756319984793663
v 0.05604049563407898 1.6787039041519165 -0.07506765425205231
v 0.04798499867320061 1.6697770357131958 -0.06594700366258621
v 0.04879112169146538 1.6600172519683838 -0.06392267346382141
v 0.04260199889540672 1.663383960723877 -0.06707099825143814
v 0.04360993206501007 1.653589129447937 -0.06532565504312515
v 0.04403899982571602 1.6795530319213867 -0.07883799821138382
v 0.04435702785849571 1.669607162475586 -0.07784891873598099
v 0.0419670008122921 1.6741249561309814 -0.07586999982595444
v 0.042265038937330246 1.6642308235168457 -0.07444982975721359
v 0.04707799851894379 1.6835800409317017 -0.07971999794244766
v 0.047410063445568085 1.673611044883728 -0.07900586724281311
v 0.052531998604536057 1.687940001487732 -0.07822000235319138
v 0.0531231053173542 1.6779762506484985 -0.0776078850030899
v 0.05559400096535683 1.6778689622879028 -0.0633850023150444
v 0.05614851787686348 1.6680247783660889 -0.061716437339782715
v 0.05798700079321861 1.6807219982147217 -0.06280200183391571
v 0.058967120945453644 1.6708406209945679 -0.06161964684724808
v 0.0603489987552166 1.677832007408142 -0.055472999811172485
v 0.06146964058279991 1.667973518371582 -0.05422617867588997
v 0.05560699850320816 1.6842509508132935 -0.07025299966335297
v 0.05640556290745735 1.674333095550537 -0.0692543014883995
v 0.05805499851703644 1.6870150566101074 -0.06981100142002106
v 0.059085797518491745 1.6770923137664795 -0.06912146508693695
v 0.06048699840903282 1.690181016921997 -0.06978700309991837
v 0.06174599751830101 1.6802661418914795 -0.06945473700761795
v 0.058187998831272125 1.6852099895477295 -0.0675550028681755
v 0.0591488853096962 1.6752958297729492 -0.06666818261146545
v 0.0606440007686615 1.687859058380127 -0.06674999743700027
v 0.06186803802847862 1.6779454946517944 -0.06627659499645233
v 0.06326200067996979 1.6915719509124756 -0.06687299907207489
v 0.06474222242832184 1.6816829442977905 -0.06674889475107193
v 0.06923100352287292 1.7071880102157593 -0.07543099671602249
v 0.07108756899833679 1.6973819732666016 -0.07605919241905212
v 0.07363999634981155 1.7101550102233887 -0.07087299972772598
v 0.07563890516757965 1.700392484664917 -0.07170796394348145
v 0.07097099721431732 1.7057780027389526 -0.07061400264501572
v 0.07286949455738068 1.6959824562072754 -0.07127916812896729
v 0.06600899994373322 1.6939460039138794 -0.06490100175142288
v 0.06769387423992157 1.6840908527374268 -0.06509509682655334
v 0.06818799674510956 1.6966509819030762 -0.06416700035333633
v 0.069818876683712 1.6867916584014893 -0.06453420221805573
v 0.06329599767923355 1.6973210573196411 -0.07373999804258347
v 0.06470370292663574 1.6874221563339233 -0.07391107827425003
v 0.06104699894785881 1.6922249794006348 -0.071322001516819
v 0.06238493323326111 1.6823171377182007 -0.07111185044050217
v 0.06647100299596786 1.7087310552597046 -0.08141499757766724
v 0.06794063001871109 1.6988526582717896 -0.0819232165813446
v 0.0740320011973381 1.719316005706787 -0.08033700287342072
v 0.07602351158857346 1.7095414400100708 -0.08103817701339722
v 0.0559069998562336 1.7052340507507324 -0.0909850001335144
v 0.05630197748541832 1.6952426433563232 -0.09110599011182785
v 0.06108799949288368 1.700850009918213 -0.08085200190544128
v 0.06224842742085457 1.690920352935791 -0.08108808845281601
v 0.05824200063943863 1.6964620351791382 -0.08006999641656876
v 0.05921444669365883 1.6865094900131226 -0.08004698902368546
v 0.055959999561309814 1.6912659406661987 -0.07750599831342697
v 0.056810371577739716 1.6813105344772339 -0.07709681987762451
v 0.05828600004315376 1.6935440301895142 -0.07684300094842911
v 0.05953015014529228 1.6836217641830444 -0.07681797444820404
v 0.04964299872517586 1.6942369937896729 -0.08718600124120712
v 0.04987700283527374 1.6842398643493652 -0.08713799715042114
v 0.05025399848818779 1.696349024772644 -0.0885159969329834
v 0.05037899315357208 1.6863504648208618 -0.08840300887823105
v 0.06074099987745285 1.715047001838684 -0.0940610021352768
v 0.06147798150777817 1.7050832509994507 -0.09448599070310593
v 0.029239000752568245 1.7074379920959473 -0.10864000022411346
v 0.029454000294208527 1.6974480152130127 -0.10903199762105942
v 0.027861999347805977 1.7014609575271606 -0.10541799664497375
v 0.027956999838352203 1.691463828086853 -0.1056390032172203
v 0.03067000024020672 1.7044010162353516 -0.10605199635028839
v 0.030850999057292938 1.6944061517715454 -0.1063150018453598
v 0.027772000059485435 1.6986420154571533 -0.10354500263929367
v 0.027790000662207603 1.6886427402496338 -0.10366199910640717
v 0.03180700168013573 1.6862469911575317 -0.09256900101900101
v 0.031524017453193665 1.6762516498565674 -0.09245500713586807
v 0.03430600091814995 1.689013957977295 -0.09328299760818481
v 0.034091997891664505 1.6790167093276978 -0.09318400174379349
v 0.03003700077533722 1.6913529634475708 -0.09732899814844131
v 0.029829002916812897 1.6813551187515259 -0.0973069965839386
v 0.024925999343395233 1.6852840185165405 -0.0952489972114563
v 0.02460598014295101 1.6752893924713135 -0.09518399089574814
v 0.02367600053548813 1.6876050233840942 -0.09745699912309647
v 0.023379985243082047 1.6776095628738403 -0.09740400314331055
v 0.02221599966287613 1.690680980682373 -0.10029999911785126
v 0.021991010755300522 1.6806834936141968 -0.10030200332403183
v 0.02332100085914135 1.7014750242233276 -0.10725899785757065
v 0.023403996601700783 1.6914784908294678 -0.10750699043273926
v 0.027685999870300293 1.7124890089035034 -0.11223500221967697
v 0.02790398895740509 1.7025034427642822 -0.11272697150707245
v 0.025841999799013138 1.715533971786499 -0.11466900259256363
v 0.026074005290865898 1.705549716949463 -0.11517901718616486
v 0.012252000160515308 1.7001210451126099 -0.10992900282144547
v 0.012330999597907066 1.6901270151138306 -0.11026500165462494
v 0.015886999666690826 1.703320026397705 -0.11089300364255905
v 0.015992993488907814 1.6933284997940063 -0.11129097640514374
v 0.012672999873757362 1.6976900100708008 -0.10821399837732315
v 0.012663000263273716 1.6876932382583618 -0.10846899449825287
v 0.005898999981582165 1.6915780305862427 -0.10545700043439865
v 0.005561779253184795 1.681585431098938 -0.10564311593770981
v 0.02250000089406967 1.7121390104293823 -0.11397700011730194
v 0.022697992622852325 1.702155351638794 -0.11451397836208344
v 0.020306000486016273 1.7152810096740723 -0.11648000031709671
v 0.020529011264443398 1.7053024768829346 -0.11709602922201157
v 0.01801300048828125 1.700469970703125 -0.10850299894809723
v 0.018080998212099075 1.6904733180999756 -0.10875198990106583
v 0.01939300075173378 1.6873060464859009 -0.0988830029964447
v 0.01909501664340496 1.677310585975647 -0.0988520011305809
v 0.017539000138640404 1.690932035446167 -0.1021760031580925
v 0.017326006665825844 1.6809343099594116 -0.10219799727201462
v -0.00014200000441633165 1.6838799715042114 -0.10038500279188156
v -0.0007952440064400434 1.6739569902420044 -0.09933199733495712
v 0.0032579998951405287 1.6862859725952148 -0.10190500319004059
v 0.0025642910040915012 1.6763339042663574 -0.10121630132198334
v 0.00056900002527982 1.697208046913147 -0.10968399792909622
v -0.00010704598389565945 1.6872466802597046 -0.10912413895130157
v -7.200000254670158e-05 1.699671983718872 -0.11133000254631042
v -0.0007300670258700848 1.6896967887878418 -0.11107859015464783
v 0.003671000013127923 1.7029589414596558 -0.1130789965391159
v 0.003088544122874737 1.692980170249939 -0.11337222903966904
v 0.0006440000142902136 1.705556035041809 -0.11488199979066849
v -2.7900212444365025e-05 1.6955866813659668 -0.11528253555297852
v -7.200000254670158e-05 1.699671983718872 -0.11133000254631042
v -0.0007300670258700848 1.6896967887878418 -0.11107859015464783
v 0.010483999736607075 1.711253046989441 -0.11687500029802322
v 0.010604995302855968 1.701284408569336 -0.11765696853399277
v 0.014081999659538269 1.714722990989685 -0.1179800033569336
v 0.01429401058703661 1.7047555446624756 -0.11875803768634796
v 0.012922000139951706 1.7086340188980103 -0.11495599895715714
v 0.013091996312141418 1.6986582279205322 -0.11562998592853546
v 0.016767000779509544 1.711630940437317 -0.1155330017209053
v 0.016944006085395813 1.7016537189483643 -0.11618302017450333
v 0.014081999659538269 1.714722990989685 -0.1179800033569336
v 0.01429401058703661 1.7047555446624756 -0.11875803768634796
v 0.012922000139951706 1.7086340188980103 -0.11495599895715714
v 0.013091996312141418 1.6986582279205322 -0.11562998592853546
v 0.016767000779509544 1.711630940437317 -0.1155330017209053
v 0.016944006085395813 1.7016537189483643 -0.11618302017450333
v 0.042399998754262924 1.700747013092041 -0.09742800146341324
v 0.04254999756813049 1.6907492876052856 -0.09757599979639053
v 0.05217000097036362 1.7125849723815918 -0.09950599819421768
v 0.05262602120637894 1.7026035785675049 -0.09991002082824707
v 0.05218400061130524 1.706686019897461 -0.09526800364255905
v 0.0525989904999733 1.6967003345489502 -0.09560399502515793
v 0.04338899999856949 1.6930500268936157 -0.09092999994754791
v 0.043331995606422424 1.683050274848938 -0.09088099747896194
v 0.03497600182890892 1.6867940425872803 -0.09119600057601929
v 0.034741006791591644 1.6767973899841309 -0.09109299629926682
v 0.043862998485565186 1.713621973991394 -0.10517200082540512
v 0.044188980013132095 1.703636646270752 -0.10560397803783417
v 0.05034999921917915 1.7171440124511719 -0.10355299711227417
v 0.05072198808193207 1.7071582078933716 -0.10393499583005905
v 0.04204300045967102 1.8373620510101318 -0.09919100254774094
v 0.04008524492383003 1.8327581882476807 -0.1078496128320694
v 0.03877599909901619 1.8343729972839355 -0.10275900363922119
v 0.03739302232861519 1.8297369480133057 -0.11151084303855896
v 0.04580799862742424 1.8282259702682495 -0.10443300008773804
v 0.04454464837908745 1.8230373859405518 -0.11288773268461227
v 0.04679900035262108 1.8360199928283691 -0.09798400104045868
v 0.045392200350761414 1.831227421760559 -0.10664726048707962
v 0.032055001705884933 1.8108930587768555 -0.11900299787521362
v 0.03401551768183708 1.803645372390747 -0.12560810148715973
v 0.03468399867415428 1.8057290315628052 -0.12030400335788727
v 0.03657504543662071 1.798182725906372 -0.1265871524810791
v 0.035620998591184616 1.8145109415054321 -0.1164650022983551
v 0.037213023751974106 1.807314395904541 -0.12322335690259933
v 0.032506998628377914 1.823395013809204 -0.11245600134134293
v 0.03377820923924446 1.8174169063568115 -0.12037097662687302
v 0.03512600064277649 1.818315029144287 -0.11465500295162201
v 0.03660290688276291 1.8116633892059326 -0.12197445333003998
v 0.03616200014948845 1.8268330097198486 -0.10936500132083893
v 0.03633524850010872 1.820906400680542 -0.11741766333580017
v 0.032506998628377914 1.823395013809204 -0.11245600134134293
v 0.03377820923924446 1.8174169063568115 -0.12037097662687302
v 0.03512600064277649 1.818315029144287 -0.11465500295162201
v 0.03660290688276291 1.8116633892059326 -0.12197445333003998
v 0.042681001126766205 1.8478879928588867 -0.08827000111341476
v 0.04297872260212898 1.843551516532898 -0.09727588295936584
v 0.039406001567840576 1.8452999591827393 -0.09234199672937393
v 0.03784407302737236 1.8416879177093506 -0.10153511166572571
v 0.046487998217344284 1.8393739461898804 -0.09504000097513199
v 0.04573992267251015 1.8350379467010498 -0.10401994735002518
v 0.05194000154733658 1.844473958015442 -0.08608900010585785
v 0.05715981870889664 1.8388501405715942 -0.09250198304653168
v 0.04844300076365471 1.831760048866272 -0.10025200247764587
v 0.04738171771168709 1.8270047903060913 -0.10898478329181671
v 0.04966599866747856 1.8150759935379028 -0.11007100343704224
v 0.05014059692621231 1.8083724975585938 -0.11747630685567856
v 0.045478999614715576 1.8126120567321777 -0.1134679988026619
v 0.04613814502954483 1.8054654598236084 -0.12043154984712601
v 0.037679001688957214 1.8093589544296265 -0.11784200370311737
v 0.03939218074083328 1.802103042602539 -0.12450660020112991
v 0.03988000005483627 1.8049900531768799 -0.11875700205564499
v 0.041621122509241104 1.7974514961242676 -0.12509244680404663
v 0.04079100117087364 1.8129899501800537 -0.11528799682855606
v 0.04198779910802841 1.8058491945266724 -0.122185617685318
v 0.037679001688957214 1.8093589544296265 -0.11784200370311737
v 0.03939218074083328 1.802103042602539 -0.12450660020112991
v 0.03612599894404411 1.6708580255508423 -0.07786300033330917
v 0.03641904145479202 1.660963535308838 -0.07644379884004593
v 0.03431300073862076 1.665917992591858 -0.07551500201225281
v 0.03468223661184311 1.6560707092285156 -0.07381390035152435
v 0.03604999929666519 1.6750190258026123 -0.0811770036816597
v 0.03628503903746605 1.6650723218917847 -0.0801728367805481
v 0.0339369997382164 1.6640000343322754 -0.07451099902391434
v 0.03439340740442276 1.654170274734497 -0.07273142039775848
v 0.03258400037884712 1.659101963043213 -0.072503000497818
v 0.03360239788889885 1.64920973777771 -0.07145152986049652
v 0.033284999430179596 1.8187079429626465 0.10082700103521347
v 0.03444806858897209 1.8113759756088257 0.10752691328525543
v 0.04056999832391739 1.819417953491211 0.09738600254058838
v 0.042859528213739395 1.8121455907821655 0.10385680198669434
v 0.040727000683546066 1.8164880275726318 0.09854099899530411
v 0.04252731055021286 1.8089652061462402 0.10487865656614304
v 0.027499999850988388 1.8149000406265259 0.10382500290870667
v 0.02773943915963173 1.8071147203445435 0.1100965067744255
v 0.0297860000282526 1.8121780157089233 0.10412199795246124
v 0.02974390797317028 1.8041385412216187 0.11006886512041092
v 0.044732000678777695 1.8118679523468018 0.09778200089931488
v 0.04640207439661026 1.8039894104003906 0.10370990633964539
v 0.05152599886059761 1.7385749816894531 -0.1125819981098175
v 0.051958389580249786 1.7285999059677124 -0.11313951015472412
v 0.053711000829935074 1.7428920269012451 -0.11267700046300888
v 0.05422461777925491 1.7329280376434326 -0.11335080862045288
v 0.05099499970674515 1.7439019680023193 -0.11453700065612793
v 0.05151558294892311 1.7339398860931396 -0.11523377150297165
v 0.05152599886059761 1.7385749816894531 -0.1125819981098175
v 0.051958389580249786 1.7285999059677124 -0.11313951015472412
v 0.06103900074958801 1.8535399436950684 0.04412899911403656
v 0.06952712684869766 1.8485870361328125 0.04597843438386917
v 0.06097299978137016 1.8557230234146118 0.0393729992210865
v 0.06954432278871536 1.850888967514038 0.041151877492666245
v 0.06754600256681442 1.8496140241622925 0.03764300048351288
v 0.07562343031167984 1.84391188621521 0.039139971137046814
v 0.06594099849462509 1.8527250289916992 0.03447100147604942
v 0.07432656735181808 1.8475306034088135 0.03611420840024948
v 0.06590399891138077 1.8546249866485596 0.02918500080704689
v 0.07433322072029114 1.8494876623153687 0.03078378364443779
v 0.05553999915719032 1.8640069961547852 0.027334999293088913
v 0.06429977715015411 1.8613297939300537 0.03134731203317642
v 0.05262500047683716 1.8617910146713257 0.04083599895238876
v 0.06124225631356239 1.8580358028411865 0.044247981160879135
v 0.05138000100851059 1.8582299947738647 0.05103699862957001
v 0.05980644375085831 1.8539153337478638 0.054258640855550766
v 0.05386300012469292 1.8557950258255005 0.05190899968147278
v 0.06239086017012596 1.8512811660766602 0.05453581362962723
v 0.05591699853539467 1.8532689809799194 0.053412001579999924
v 0.06422439962625504 1.8482704162597656 0.05586167052388191
v 0.060391999781131744 1.8530570268630981 0.046448998153209686
v 0.06880394369363785 1.8479382991790771 0.04819199815392494
v 0.06310799717903137 1.8500579595565796 0.04677699878811836
v 0.07089218497276306 1.8439768552780151 0.04833463951945305
v 0.02014400064945221 1.6515990495681763 -0.07543999701738358
v 0.02094385027885437 1.6416339874267578 -0.07567854970693588
v 0.03946699947118759 1.7787610292434692 -0.12387999892234802
v 0.04164677485823631 1.7703862190246582 -0.12889108061790466
v 0.04274199903011322 1.7855939865112305 -0.12185899913311005
v 0.04522699490189552 1.7774333953857422 -0.12707719206809998
v 0.03581399843096733 1.7683260440826416 -0.1252489984035492
v 0.03763531520962715 1.7595666646957397 -0.12971621751785278
v 0.043428998440504074 1.7666120529174805 -0.12211400270462036
v 0.04477178677916527 1.7570903301239014 -0.12485864758491516
v 0.03307700157165527 1.7992680072784424 -0.12272199988365173
v 0.03511606156826019 1.7916117906570435 -0.1288231909275055
v 0.030779000371694565 1.793347954750061 -0.12492100149393082
v 0.03295901045203209 1.7856789827346802 -0.13095703721046448
v 0.03978699818253517 1.7910950183868408 -0.1223979964852333
v 0.0422065332531929 1.7832180261611938 -0.12806358933448792
v 0.04762199893593788 1.7970219850540161 -0.11759500205516815
v 0.050828173756599426 1.7888308763504028 -0.12235170602798462
v 0.045242998749017715 1.779407024383545 -0.12133099883794785
v 0.04746394231915474 1.7705641984939575 -0.12543858587741852
v 0.047603998333215714 1.7662379741668701 -0.12009000033140182
v 0.04901718720793724 1.7566380500793457 -0.122507743537426
v 0.04659999907016754 1.7730989456176758 -0.12076599895954132
v 0.04848293960094452 1.7638245820999146 -0.1239970475435257
v 0.03993799909949303 1.756922960281372 -0.12262199819087982
v 0.0409734770655632 1.747218132019043 -0.12480010092258453
v 0.03857000172138214 1.7557530403137207 -0.12307000160217285
v 0.039467260241508484 1.746023416519165 -0.12519797682762146
v 0.03235999867320061 1.7623800039291382 -0.12606500089168549
v 0.033958032727241516 1.753479242324829 -0.13033375144004822
v 0.030052000656723976 1.7559770345687866 -0.12625199556350708
v 0.03142505884170532 1.7468379735946655 -0.1300719529390335
v 0.033799998462200165 1.7557719945907593 -0.12492100149393082
v 0.03486688807606697 1.746278166770935 -0.1278754621744156
v 0.04210500046610832 1.8699849843978882 -0.04954800009727478
v 0.04691488295793533 1.8683528900146484 -0.05816201865673065
v 0.045065999031066895 1.8661949634552002 -0.05662599951028824
v 0.05007024109363556 1.863898754119873 -0.06497375667095184
v 0.04830799996852875 1.8642359972000122 -0.05794199928641319
v 0.05350435525178909 1.8612169027328491 -0.0659346953034401
v 0.04174400120973587 1.8636870384216309 -0.06453999876976013
v 0.0462019145488739 1.8611279726028442 -0.07311777025461197
v 0.03952199965715408 1.8606410026550293 -0.07168100029230118
v 0.04294818639755249 1.8578133583068848 -0.08064009994268417
v 0.04788599908351898 1.8570829629898071 -0.07217100262641907
v 0.05365711823105812 1.8530559539794922 -0.07927576452493668
v 0.036681000143289566 1.8760130405426025 -0.034272000193595886
v 0.043136417865753174 1.8757412433624268 -0.04190441220998764
v 0.03428899869322777 1.874845027923584 -0.04174099862575531
v 0.0390150360763073 1.8746033906936646 -0.0505504347383976
v 0.03856600075960159 1.8733350038528442 -0.04335999861359596
v 0.04355598986148834 1.8721307516098022 -0.05194193869829178
v 0.036681000143289566 1.8760130405426025 -0.034272000193595886
v 0.043136417865753174 1.8757412433624268 -0.04190441220998764
v 0.04024000093340874 1.8732290267944336 -0.04160900041460991
v 0.04556836187839508 1.872279167175293 -0.05001770704984665
v 0.043869998306035995 1.8716009855270386 -0.04318999871611595
v 0.04908308759331703 1.8699358701705933 -0.05155964940786362
v 0.04229800030589104 1.874284029006958 -0.03412900120019913
v 0.048675503581762314 1.8733564615249634 -0.041775379329919815
v 0.04541099816560745 1.8714300394058228 -0.041179001331329346
v 0.05075406655669212 1.8698148727416992 -0.04947616159915924
v 0.05336900055408478 1.8668960332870483 -0.042677998542785645
v 0.05872829258441925 1.8645678758621216 -0.050793275237083435
v 0.0515579991042614 1.8657610416412354 -0.049017999321222305
v 0.05694545432925224 1.863237977027893 -0.0570559948682785
v 0.049699001014232635 1.8641669750213623 -0.056150998920202255
v 0.05501245707273483 1.8613636493682861 -0.0641452819108963
v 0.05240299925208092 1.8549580574035645 -0.07127200067043304
v 0.058251019567251205 1.8504389524459839 -0.07800836861133575
v 0.05115099996328354 1.8598649501800537 -0.06342200189828873
v 0.05675886943936348 1.8562334775924683 -0.07086269557476044
v 0.043981000781059265 1.850172996520996 -0.08472400158643723
v 0.04632728174328804 1.8454172611236572 -0.09320209920406342
v 0.04258099943399429 1.849858045578003 -0.08599100261926651
v 0.04381866753101349 1.845590353012085 -0.09494952112436295
v 0.04125100001692772 1.8556300401687622 -0.07853899896144867
v 0.044726740568876266 1.852036952972412 -0.08719976246356964
v 0.033062998205423355 1.8529009819030762 -0.08581499755382538
v 0.03136003389954567 1.8496562242507935 -0.09511936455965042
v 0.03725599870085716 1.8513139486312866 -0.08649499714374542
v 0.036312781274318695 1.8474044799804688 -0.09565065056085587
v 0.03582200035452843 1.8568910360336304 -0.07915499806404114
v 0.03607463091611862 1.853702187538147 -0.08862954378128052
v 0.033587001264095306 1.8619389533996582 -0.07219400256872177
v 0.03383835032582283 1.8604599237442017 -0.08208081871271133
v 0.037810999900102615 1.8602219820022583 -0.07343599945306778
v 0.040166303515434265 1.8572174310684204 -0.08267857879400253
v 0.03614399954676628 1.8651419878005981 -0.06497900187969208
v 0.037854909896850586 1.863119125366211 -0.07462166249752045
v 0.06324899941682816 1.8621309995651245 0.0076790000312030315
v 0.07233047485351562 1.8579658269882202 0.008101231418550014
v 0.06301899999380112 1.863481044769287 -0.0006689999718219042
v 0.07212800532579422 1.8594706058502197 -0.0016397710423916578
v 0.06553799659013748 1.860774040222168 0.0025450000539422035
v 0.07452501356601715 1.8564038276672363 0.0021779786329716444
v 0.06315500289201736 1.8636430501937866 -0.004503999836742878
v 0.07226328551769257 1.860546350479126 -0.007233374752104282
v 0.05863900110125542 1.8675620555877686 -0.013150000013411045
v 0.06697165966033936 1.8649314641952515 -0.018012812361121178
v 0.06131500005722046 1.8653019666671753 -0.00919399969279766
v 0.06991729885339737 1.862262487411499 -0.013288136571645737
v 0.06710799783468246 1.8566620349884033 0.017064999788999557
v 0.07586760073900223 1.851876139640808 0.017668625339865685
v 0.0675169974565506 1.8595149517059326 -0.0016159999649971724
v 0.07632476091384888 1.8551907539367676 -0.0035459878854453564
v 0.07053399831056595 1.8566190004348755 -0.02300800010561943
v 0.07693025469779968 1.8540258407592773 -0.030244257301092148
v 0.06385300308465958 1.8632090091705322 -0.017582999542355537
v 0.07061111927032471 1.8608049154281616 -0.024550650268793106
v 0.05871399864554405 1.8664900064468384 -0.027163999155163765
v 0.06493663042783737 1.8642786741256714 -0.03467326983809471
v 0.056866999715566635 1.868677020072937 -0.00867099966853857
v 0.06586608290672302 1.8653775453567505 -0.011522313579916954
v 0.054382000118494034 1.8702080249786377 -0.0031500000040978193
v 0.06390800327062607 1.867281198501587 -0.0039797876961529255
v 0.0541829988360405 1.87070894241333 -0.012779000215232372
v 0.06312517076730728 1.8678582906723022 -0.016230328008532524
v 0.05641600117087364 1.8679699897766113 0.004511999897658825
v 0.06581239402294159 1.8645542860031128 0.00471463380381465
v 0.053658001124858856 1.866826057434082 0.021592000499367714
v 0.06281328946352005 1.8650665283203125 0.025209251791238785
v 0.05799800157546997 1.8656419515609741 0.012531000189483166
v 0.06721018999814987 1.8618950843811035 0.013578318990767002
v 0.06057700142264366 1.8629590272903442 0.015306999906897545
v 0.06965133547782898 1.8588922023773193 0.01636430062353611
v 0.0600380003452301 1.8270100355148315 0.07601799815893173
v 0.06573784351348877 1.8194667100906372 0.07927519828081131
v 0.05249800160527229 1.8298449516296387 0.0823339968919754
v 0.0562627874314785 1.8227311372756958 0.0882686972618103
v 0.05911799892783165 1.833367943763733 0.07224500179290771
v 0.06559743732213974 1.8263970613479614 0.07531468570232391
v 0.05121000111103058 1.8307520151138306 0.08289799839258194
v 0.05497162044048309 1.823752760887146 0.08896929770708084
v 0.04799000173807144 1.8313820362091064 0.08537200093269348
v 0.05163437873125076 1.8244398832321167 0.09157886356115341
v 0.04969799891114235 1.8332879543304443 0.08235999941825867
v 0.0534377358853817 1.8265442848205566 0.08872687071561813
v 0.05074299871921539 1.8268120288848877 0.08601800352334976
v 0.05442380532622337 1.8196417093276978 0.09193733334541321
v 0.05599600076675415 1.820592999458313 0.08454100042581558
v 0.059582386165857315 1.813032627105713 0.09001622349023819
v 0.06178300082683563 1.8203389644622803 0.07797499746084213
v 0.06662960350513458 1.812532663345337 0.08192119002342224
v 0.06358099728822708 1.8213380575180054 0.07511600106954575
v 0.06865376234054565 1.8133938312530518 0.07845611125230789
v 0.0592459999024868 1.8465869426727295 0.05852000042796135
v 0.06690220534801483 1.8406336307525635 0.06095734238624573
v 0.05673399940133095 1.8425920009613037 0.066430002450943
v 0.06410950422286987 1.8364791870117188 0.06929969787597656
v 0.06259399652481079 1.8334859609603882 0.06767699867486954
v 0.068804070353508 1.82622492313385 0.0706285908818245
v 0.06304900348186493 1.8402119874954224 0.060568999499082565
v 0.06990653276443481 1.8334317207336426 0.06321530789136887
v 0.06606400012969971 1.844728946685791 0.04976300150156021
v 0.07364248484373093 1.8385664224624634 0.05190548673272133
v 0.055410001426935196 1.849858045578003 0.059307001531124115
v 0.06336792558431625 1.844470500946045 0.06207204982638359
v 0.050797998905181885 1.8548740148544312 0.05774499848484993
v 0.058685675263404846 1.8500415086746216 0.06154381111264229
v 0.05164700001478195 1.8406709432601929 0.0740870013833046
v 0.05744659900665283 1.834331750869751 0.0792035236954689
v 0.05381099879741669 1.8381069898605347 0.07425399869680405
v 0.059994906187057495 1.83148992061615 0.07849358767271042
v 0.05817199870944023 1.8389710187911987 0.0684489980340004
v 0.06505577266216278 1.8323159217834473 0.0713341236114502
v 0.09128999710083008 1.7334450483322144 0.003060000017285347
v 0.09417455643415451 1.7238975763320923 0.0023353577125817537
v 0.08805400133132935 1.714432954788208 0.004757999908179045
v 0.09063100069761276 1.704782247543335 0.004286817274987698
v 0.08940999954938889 1.7215089797973633 0.0038880000356584787
v 0.0923110842704773 1.7119574546813965 0.0032947773579508066
v 0.08822300285100937 1.71186101436615 -0.00011700000322889537
v 0.09111792594194412 1.7022947072982788 -0.00044021476060152054
v 0.09388799965381622 1.7807990312576294 -0.013356000185012817
v 0.09965912252664566 1.7727164030075073 -0.014524227939546108
v 0.09482000023126602 1.778960943222046 -0.02710700035095215
v 0.10021930932998657 1.7706588506698608 -0.0284938495606184
v 0.09422600269317627 1.7844820022583008 -0.019714999943971634
v 0.1000833660364151 1.776474118232727 -0.020966293290257454
v 0.09486199915409088 1.7763210535049438 -0.035287000238895416
v 0.09978993237018585 1.7677712440490723 -0.03690429404377937
v 0.09478099644184113 1.7720119953155518 -0.03912400081753731
v 0.09916018694639206 1.763190507888794 -0.040857262909412384
v 0.09481099992990494 1.7800509929656982 -0.029071999713778496
v 0.10022547096014023 1.7717636823654175 -0.03048790618777275
v 0.0947979986667633 1.78125 -0.031509000808000565
v 0.10018569231033325 1.7729532718658447 -0.03297100216150284
v 0.09470699727535248 1.7694369554519653 -0.03412900120019913
v 0.09888565540313721 1.760520100593567 -0.035869523882865906
v 0.09463799744844437 1.7759339809417725 -0.04262600094079971
v 0.09939873963594437 1.7673792839050293 -0.04466359689831734
v 0.0944719985127449 1.7761019468307495 -0.045274000614881516
v 0.09933929890394211 1.7676424980163574 -0.04745292663574219
v 0.09437499940395355 1.7625880241394043 -0.04496999830007553
v 0.09881044924259186 1.753790259361267 -0.046680331230163574
v 0.09420400112867355 1.7597099542617798 -0.04611999914050102
v 0.09847654402256012 1.7507904767990112 -0.04759957641363144
v 0.09329099953174591 1.7570070028305054 -0.05997399985790253
v 0.09781742841005325 1.7484467029571533 -0.062470439821481705
v 0.09260900318622589 1.7441550493240356 0.0016570000443607569
v 0.09604119509458542 1.7348005771636963 0.0008119670674204826
v 0.08404900133609772 1.714663028717041 -0.052724000066518784
v 0.08713424205780029 1.7052463293075562 -0.054068103432655334
v 0.07943399995565414 1.7056809663772583 -0.05073599889874458
v 0.08190424740314484 1.6960450410842896 -0.05175910145044327
v 0.08251400291919708 1.7076679468154907 -0.0462069995701313
v 0.08530331403017044 1.6981319189071655 -0.04734012484550476
v 0.07775299996137619 1.7029650211334229 -0.050680000334978104
v 0.080332912504673 1.6933573484420776 -0.05169796198606491
v 0.09357500076293945 1.7737330198287964 -0.006943000014871359
v 0.09916745871305466 1.7655184268951416 -0.008058490231633186
v 0.09335000067949295 1.7659660577774048 -0.002498999936506152
v 0.09860671311616898 1.757511019706726 -0.0034366617910563946
v 0.0936489999294281 1.7640199661254883 -0.0047240001149475574
v 0.09877797216176987 1.7554914951324463 -0.0057027582079172134
v 0.0934550017118454 1.780527949333191 -0.009177999570965767
v 0.09927984327077866 1.77247953414917 -0.010315359570086002
v 0.08873900026082993 1.733875036239624 0.03673100098967552
v 0.09146551042795181 1.7242611646652222 0.03710361570119858
v 0.09177099913358688 1.7428040504455566 0.006965999957174063
v 0.09506320208311081 1.733389973640442 0.00623306492343545
v 0.08865900337696075 1.7222460508346558 0.009979999624192715
v 0.091237872838974 1.7126017808914185 0.00939980335533619
v 0.08300299942493439 1.6967459917068481 0.012047999538481236
v 0.084151990711689 1.686812400817871 0.011986946687102318
v 0.08617399632930756 1.7103350162506104 0.012467999942600727
v 0.08812883496284485 1.7005378007888794 0.012028811499476433
v 0.08754999935626984 1.7183810472488403 0.016143999993801117
v 0.08986013382673264 1.708666205406189 0.015609738416969776
v 0.08869899809360504 1.725417971611023 0.01888599991798401
v 0.09119915217161179 1.7157535552978516 0.018296727910637856
v 0.08845199644565582 1.7240179777145386 0.020013999193906784
v 0.09092356264591217 1.7143439054489136 0.01946365088224411
v 0.08820799738168716 1.7224819660186768 0.021376000717282295
v 0.09061034768819809 1.7127875089645386 0.02087872102856636
v 0.09006799757480621 1.7358909845352173 0.026626000180840492
v 0.09269841015338898 1.726250171661377 0.02625766210258007
v 0.09099700301885605 1.7485979795455933 0.022258000448346138
v 0.09432115405797958 1.7391753196716309 0.021852370351552963
v 0.08949699997901917 1.7317869663238525 0.027884000912308693
v 0.09205736964941025 1.722127079963684 0.027521664276719093
v 0.09015300124883652 1.7357439994812012 0.02359200082719326
v 0.09280460327863693 1.7261146306991577 0.02309851534664631
v 0.03811899945139885 1.8066480159759521 0.10264600068330765
v 0.03811299055814743 1.7982439994812012 0.10806567221879959
v 0.03567200154066086 1.8053959608078003 0.10391300171613693
v 0.03545963019132614 1.7968741655349731 0.10914109647274017
v 0.05563199892640114 1.7984240055084229 0.09212400019168854
v 0.05730363726615906 1.7899765968322754 0.09720802307128906
v 0.057100001722574234 1.79305899143219 0.09151399880647659
v 0.058553799986839294 1.7844743728637695 0.09643247723579407
v 0.057464998215436935 1.8009929656982422 0.09001100063323975
v 0.059641145169734955 1.7926779985427856 0.09512238204479218
v 0.06027600169181824 1.800590991973877 0.08731000125408173
v 0.06281886249780655 1.7923985719680786 0.09244979918003082
v 0.04655199870467186 1.8056570291519165 0.09806600213050842
v 0.04758889973163605 1.7973628044128418 0.10355506092309952
l 1 2
l 3 4
l 5 6
l 7 8
l 9 10
l 11 12
l 13 14
l 15 16
l 17 18
l 19 20
l 21 22
l 23 24
l 25 26
l 27 28
l 29 30
l 31 32
l 33 34
l 35 36
l 37 38
l 39 40
l 41 42
l 43 44
l 45 46
l 47 48
l 49 50
l 51 52
l 53 54
l 55 56
l 57 58
l 59 60
l 61 62
l 63 64
l 65 66
l 67 68
l 69 70
l 71 72
l 73 74
l 75 76
l 77 78
l 79 80
l 81 82
l 83 84
l 85 86
l 87 88
l 89 90
l 91 92
l 93 94
l 95 96
l 97 98
l 99 100
l 101 102
l 103 104
l 105 106
l 107 108
l 109 110
l 111 112
l 113 114
l 115 116
l 117 118
l 119 120
l 121 122
l 123 124
l 125 126
l 127 128
l 129 130
l 131 132
l 133 134
l 135 136
l 137 138
l 139 140
l 141 142
l 143 144
l 145 146
l 147 148
l 149 150
l 151 152
l 153 154
l 155 156
l 157 158
l 159 160
l 161 162
l 163 164
l 165 166
l 167 168
l 169 170
l 171 172
l 173 174
l 175 176
l 177 178
l 179 180
l 181 182
l 183 184
l 185 186
l 187 188
l 189 190
l 191 192
l 193 194
l 195 196
l 197 198
l 199 200
l 201 202
l 203 204
l 205 206
l 207 208
l 209 210
l 211 212
l 213 214
l 215 216
l 217 218
l 219 220
l 221 222
l 223 224
l 225 226
l 227 228
l 229 230
l 231 232
l 233 234
l 235 236
l 237 238
l 239 240
l 241 242
l 243 244
l 245 246
l 247 248
l 249 250
l 251 252
l 253 254
l 255 256
l 257 258
l 259 260
l 261 262
l 263 264
l 265 266
l 267 268
l 269 270
l 271 272
l 273 274
l 275 276
l 277 278
l 279 280
l 281 282
l 283 284
l 285 286
l 287 288
l 289 290
l 291 292
l 293 294
l 295 296
l 297 298
l 299 300
l 301 302
l 303 304
l 305 306
l 307 308
l 309 310
l 311 312
l 313 314
l 315 316
l 317 318
l 319 320
l 321 322
l 323 324
l 325 326
l 327 328
l 329 330
l 331 332
l 333 334
l 335 336
l 337 338
l 339 340
l 341 342
l 343 344
l 345 346
l 347 348
l 349 350
l 351 352
l 353 354
l 355 356
l 357 358
l 359 360
l 361 362
l 363 364
l 365 366
l 367 368
l 369 370
l 371 372
l 373 374
l 375 376
l 377 378
l 379 380
l 381 382
l 383 384
l 385 386
l 387 388
l 389 390
l 391 392
l 393 394
l 395 396
l 397 398
l 399 400
l 401 402
l 403 404
l 405 406
l 407 408
l 409 410
l 411 412
l 413 414
l 415 416
l 417 418
l 419 420
l 421 422
l 423 424
l 425 426
l 427 428
l 429 430
l 431 432
l 433 434
l 435 436
l 437 438
l 439 440
l 441 442
l 443 444
l 445 446
l 447 448
l 449 450
l 451 452
l 453 454
l 455 456
l 457 458
l 459 460
l 461 462
l 463 464
l 465 466
l 467 468
l 469 470
l 471 472
l 473 474
l 475 476
l 477 478
l 479 480
l 481 482
l 483 484
l 485 486
l 487 488
l 489 490
l 491 492
l 493 494
l 495 496
l 497 498
l 499 500
l 501 502
l 503 504
l 505 506
l 507 508
l 509 510
l 511 512
l 513 514
l 515 516
l 517 518
l 519 520
l 521 522
l 523 524
l 525 526
l 527 528
l 529 530
l 531 532
l 533 534
l 535 536
l 537 538
l 539 540
l 541 542
l 543 544
l 545 546
l 547 548
l 549 550
l 551 552
l 553 554
l 555 556
l 557 558
l 559 560
l 561 562
l 563 564
l 565 566
l 567 568
l 569 570
l 571 572
l 573 574
l 575 576
l 577 578
l 579 580
l 581 582
l 583 584
l 585 586
l 587 588
l 589 590
l 591 592
l 593 594
l 595 596
l 597 598
l 599 600
l 601 602
l 603 604
l 605 606
l 607 608
l 609 610
l 611 612
l 613 614
l 615 616
l 617 618
l 619 620
l 621 622
l 623 624
l 625 626
l 627 628
l 629 630
l 631 632
l 633 634
l 635 636
l 637 638
l 639 640
l 641 642
l 643 644
l 645 646
l 647 648
l 649 650
l 651 652
l 653 654
l 655 656
l 657 658
l 659 660
l 661 662
l 663 664
l 665 666
l 667 668
l 669 670
l 671 672
l 673 674
l 675 676
l 677 678
l 679 680
l 681 682
l 683 684
l 685 686
l 687 688
l 689 690
l 691 692
l 693 694
l 695 696
l 697 698
l 699 700
l 701 702
l 703 704
l 705 706
l 707 708
l 709 710
l 711 712
l 713 714
l 715 716
l 717 718
l 719 720
l 721 722
l 723 724
l 725 726
l 727 728
l 729 730
l 731 732
l 733 734
l 735 736
l 737 738
l 739 740
l 741 742
l 743 744
l 745 746
l 747 748
l 749 750
l 751 752
l 753 754
l 755 756
l 757 758
l 759 760
l 761 762
l 763 764
l 765 766
l 767 768
l 769 770
l 771 772
l 773 774
l 775 776
l 777 778
l 779 780
l 781 782
l 783 784
l 785 786
l 787 788
l 789 790
l 791 792
l 793 794
l 795 796
l 797 798
l 799 800
l 801 802
l 803 804
l 805 806
l 807 808
l 809 810
l 811 812
l 813 814
l 815 816
l 817 818
l 819 820
l 821 822
l 823 824
l 825 826
l 827 828
l 829 830
l 831 832
l 833 834
l 835 836
l 837 838
l 839 840
l 841 842
l 843 844
l 845 846
l 847 848
l 849 850
l 851 852
l 853 854
l 855 856
l 857 858
l 859 860
l 861 862
l 863 864
l 865 866
l 867 868
l 869 870
l 871 872
l 873 874
l 875 876
l 877 878
l 879 880
l 881 882
l 883 884
l 885 886
l 887 888
l 889 890
l 891 892
l 893 894
l 895 896
l 897 898
l 899 900
l 901 902
l 903 904
l 905 906
l 907 908
l 909 910
l 911 912
l 913 914
l 915 916
l 917 918
l 919 920
l 921 922
l 923 924
l 925 926
l 927 928
l 929 930
l 931 932
l 933 934
l 935 936
l 937 938
l 939 940
l 941 942
l 943 944
l 945 946
l 947 948
l 949 950
l 951 952
l 953 954
l 955 956
l 957 958
l 959 960
l 961 962
l 963 964
l 965 966
l 967 968
l 969 970
l 971 972
l 973 974
l 975 976
l 977 978
l 979 980
l 981 982
l 983 984
l 985 986
l 987 988
l 989 990
l 991 992
l 993 994
l 995 996
l 997 998
l 999 1000
l 1001 1002
l 1003 1004
l 1005 1006
l 1007 1008
l 1009 1010
l 1011 1012
l 1013 1014
l 1015 1016
l 1017 1018
l 1019 1020
l 1021 1022
l 1023 1024
l 1025 1026
l 1027 1028
l 1029 1030
l 1031 1032
l 1033 1034
l 1035 1036
l 1037 1038
l 1039 1040
l 1041 1042
l 1043 1044
l 1045 1046
l 1047 1048
l 1049 1050
l 1051 1052
l 1053 1054
l 1055 1056
l 1057 1058
l 1059 1060
l 1061 1062
l 1063 1064
l 1065 1066
l 1067 1068
l 1069 1070
l 1071 1072
l 1073 1074
l 1075 1076
l 1077 1078
l 1079 1080
l 1081 1082
l 1083 1084
l 1085 1086
l 1087 1088
l 1089 1090
l 1091 1092
l 1093 1094
l 1095 1096
l 1097 1098
l 1099 1100
l 1101 1102
l 1103 1104
l 1105 1106
l 1107 1108
l 1109 1110
l 1111 1112
l 1113 1114
l 1115 1116
l 1117 1118
l 1119 1120
l 1121 1122
l 1123 1124
l 1125 1126
l 1127 1128
l 1129 1130
l 1131 1132
l 1133 1134
l 1135 1136
l 1137 1138
l 1139 1140
l 1141 1142
l 1143 1144
l 1145 1146
l 1147 1148
l 1149 1150
l 1151 1152
l 1153 1154
l 1155 1156
l 1157 1158
l 1159 1160
l 1161 1162
l 1163 1164
l 1165 1166
l 1167 1168
l 1169 1170
l 1171 1172
l 1173 1174
l 1175 1176
l 1177 1178
l 1179 1180
l 1181 1182
l 1183 1184
l 1185 1186
l 1187 1188
l 1189 1190
l 1191 1192
l 1193 1194
l 1195 1196
l 1197 1198
l 1199 1200
l 1201 1202
l 1203 1204
l 1205 1206
l 1207 1208
l 1209 1210
l 1211 1212
l 1213 1214
l 1215 1216
l 1217 1218
l 1219 1220
l 1221 1222
l 1223 1224
l 1225 1226
l 1227 1228
l 1229 1230
l 1231 1232
l 1233 1234
l 1235 1236
l 1237 1238
l 1239 1240
l 1241 1242
l 1243 1244
l 1245 1246
l 1247 1248
l 1249 1250
l 1251 1252
l 1253 1254
l 1255 1256
l 1257 1258
l 1259 1260
l 1261 1262
l 1263 1264
l 1265 1266
l 1267 1268
l 1269 1270
l 1271 1272
l 1273 1274
l 1275 1276
l 1277 1278
l 1279 1280
l 1281 1282
l 1283 1284
l 1285 1286
l 1287 1288
l 1289 1290
l 1291 1292
l 1293 1294
l 1295 1296
l 1297 1298
l 1299 1300
l 1301 1302
l 1303 1304
l 1305 1306
l 1307 1308
l 1309 1310
l 1311 1312
l 1313 1314
l 1315 1316
l 1317 1318
l 1319 1320
l 1321 1322
l 1323 1324
l 1325 1326
l 1327 1328
l 1329 1330
l 1331 1332
l 1333 1334
l 1335 1336
l 1337 1338
l 1339 1340
l 1341 1342
l 1343 1344
l 1345 1346
l 1347 1348
l 1349 1350
l 1351 1352
l 1353 1354
l 1355 1356
l 1357 1358
l 1359 1360
l 1361 1362
l 1363 1364
l 1365 1366
l 1367 1368
l 1369 1370
l 1371 1372
l 1373 1374
l 1375 1376
l 1377 1378
l 1379 1380
l 1381 1382
l 1383 1384
l 1385 1386
l 1387 1388
l 1389 1390
l 1391 1392
l 1393 1394
l 1395 1396
l 1397 1398
l 1399 1400
l 1401 1402
l 1403 1404
l 1405 1406
l 1407 1408
l 1409 1410
l 1411 1412
l 1413 1414
l 1415 1416
l 1417 1418
l 1419 1420
l 1421 1422
l 1423 1424
l 1425 1426
l 1427 1428
l 1429 1430
l 1431 1432
l 1433 1434
l 1435 1436
l 1437 1438
l 1439 1440
l 1441 1442
l 1443 1444
l 1445 1446
l 1447 1448
l 1449 1450
l 1451 1452
l 1453 1454
l 1455 1456
l 1457 1458
l 1459 1460
l 1461 1462
l 1463 1464
l 1465 1466
l 1467 1468
l 1469 1470
l 1471 1472
l 1473 1474
l 1475 1476
l 1477 1478
l 1479 1480
l 1481 1482
l 1483 1484
l 1485 1486
l 1487 1488
l 1489 1490
l 1491 1492
l 1493 1494
l 1495 1496
l 1497 1498
l 1499 1500
l 1501 1502
l 1503 1504
l 1505 1506
l 1507 1508
l 1509 1510
l 1511 1512
l 1513 1514
l 1515 1516
l 1517 1518
l 1519 1520
l 1521 1522
l 1523 1524
l 1525 1526
l 1527 1528
l 1529 1530
l 1531 1532
l 1533 1534
l 1535 1536
l 1537 1538
l 1539 1540
l 1541 1542
l 1543 1544
l 1545 1546
l 1547 1548
l 1549 1550
l 1551 1552
l 1553 1554
l 1555 1556
l 1557 1558
l 1559 1560
l 1561 1562
l 1563 1564
l 1565 1566
l 1567 1568
l 1569 1570
l 1571 1572
l 1573 1574
l 1575 1576
l 1577 1578
l 1579 1580
l 1581 1582
l 1583 1584
l 1585 1586
l 1587 1588
l 1589 1590
l 1591 1592
l 1593 1594
l 1595 1596
l 1597 1598
l 1599 1600
l 1601 1602
l 1603 1604
l 1605 1606
l 1607 1608
l 1609 1610
l 1611 1612
l 1613 1614
l 1615 1616
l 1617 1618
l 1619 1620
l 1621 1622
l 1623 1624
l 1625 1626
l 1627 1628
l 1629 1630
l 1631 1632
l 1633 1634
l 1635 1636
l 1637 1638
l 1639 1640
l 1641 1642
l 1643 1644
l 1645 1646
l 1647 1648
l 1649 1650
l 1651 1652
l 1653 1654
l 1655 1656
l 1657 1658
l 1659 1660
l 1661 1662
l 1663 1664
l 1665 1666
l 1667 1668
l 1669 1670
l 1671 1672
l 1673 1674
l 1675 1676
l 1677 1678
l 1679 1680
l 1681 1682
l 1683 1684
l 1685 1686
l 1687 1688
l 1689 1690
l 1691 1692
l 1693 1694
l 1695 1696
l 1697 1698
l 1699 1700
l 1701 1702
l 1703 1704
l 1705 1706
l 1707 1708
l 1709 1710
l 1711 1712
l 1713 1714
l 1715 1716
l 1717 1718
l 1719 1720
l 1721 1722
l 1723 1724
l 1725 1726
l 1727 1728
l 1729 1730
l 1731 1732
l 1733 1734
l 1735 1736
l 1737 1738
l 1739 1740
l 1741 1742
l 1743 1744
l 1745 1746
l 1747 1748
l 1749 1750
l 1751 1752
l 1753 1754
l 1755 1756
l 1757 1758
l 1759 1760
l 1761 1762
l 1763 1764
l 1765 1766
l 1767 1768
l 1769 1770
l 1771 1772
l 1773 1774
l 1775 1776
l 1777 1778
l 1779 1780
l 1781 1782
l 1783 1784
l 1785 1786
l 1787 1788
l 1789 1790
l 1791 1792
l 1793 1794
l 1795 1796
l 1797 1798
l 1799 1800
l 1801 1802
l 1803 1804
l 1805 1806
l 1807 1808
l 1809 1810
l 1811 1812
l 1813 1814
l 1815 1816
l 1817 1818
l 1819 1820
l 1821 1822
l 1823 1824
l 1825 1826
l 1827 1828
l 1829 1830
l 1831 1832
l 1833 1834
l 1835 1836
l 1837 1838
l 1839 1840
l 1841 1842
l 1843 1844
l 1845 1846
l 1847 1848
l 1849 1850
l 1851 1852
l 1853 1854
l 1855 1856
l 1857 1858
l 1859 1860
l 1861 1862
l 1863 1864
l 1865 1866
l 1867 1868
l 1869 1870
l 1871 1872
l 1873 1874
l 1875 1876
l 1877 1878
l 1879 1880
l 1881 1882
l 1883 1884
l 1885 1886
l 1887 1888
l 1889 1890
l 1891 1892
l 1893 1894
l 1895 1896
l 1897 1898
l 1899 1900
l 1901 1902
l 1903 1904
l 1905 1906
l 1907 1908
l 1909 1910
l 1911 1912
l 1913 1914
l 1915 1916
l 1917 1918
l 1919 1920
l 1921 1922
l 1923 1924
l 1925 1926
l 1927 1928
l 1929 1930
l 1931 1932
l 1933 1934
l 1935 1936
l 1937 1938
l 1939 1940
l 1941 1942
l 1943 1944
l 1945 1946
l 1947 1948
l 1949 1950
l 1951 1952
l 1953 1954
l 1955 1956
l 1957 1958
l 1959 1960
l 1961 1962
l 1963 1964
l 1965 1966
l 1967 1968
l 1969 1970
l 1971 1972
l 1973 1974
l 1975 1976
l 1977 1978
l 1979 1980
l 1981 1982
l 1983 1984
l 1985 1986
l 1987 1988
l 1989 1990
l 1991 1992
l 1993 1994
l 1995 1996
l 1997 1998
l 1999 2000
l 2001 2002
l 2003 2004
l 2005 2006
l 2007 2008
l 2009 2010
l 2011 2012
l 2013 2014
l 2015 2016
l 2017 2018
l 2019 2020
l 2021 2022
l 2023 2024
l 2025 2026
l 2027 2028
l 2029 2030
l 2031 2032
l 2033 2034
l 2035 2036
l 2037 2038
l 2039 2040
l 2041 2042
l 2043 2044
l 2045 2046
l 2047 2048
l 2049 2050
l 2051 2052
l 2053 2054
l 2055 2056
l 2057 2058
l 2059 2060
l 2061 2062
l 2063 2064
l 2065 2066
l 2067 2068
l 2069 2070
l 2071 2072
l 2073 2074
l 2075 2076
l 2077 2078
l 2079 2080
l 2081 2082
l 2083 2084
l 2085 2086
l 2087 2088
l 2089 2090
l 2091 2092
l 2093 2094
l 2095 2096
l 2097 2098
l 2099 2100
l 2101 2102
l 2103 2104
l 2105 2106
l 2107 2108
l 2109 2110
l 2111 2112
l 2113 2114
l 2115 2116
l 2117 2118
l 2119 2120
l 2121 2122
l 2123 2124
l 2125 2126
l 2127 2128
l 2129 2130
l 2131 2132
l 2133 2134
l 2135 2136
l 2137 2138
l 2139 2140
l 2141 2142
l 2143 2144
l 2145 2146
l 2147 2148
l 2149 2150
l 2151 2152
l 2153 2154
l 2155 2156
l 2157 2158
l 2159 2160
l 2161 2162
l 2163 2164
l 2165 2166
l 2167 2168
l 2169 2170
l 2171 2172
l 2173 2174
l 2175 2176
l 2177 2178
l 2179 2180
l 2181 2182
l 2183 2184
l 2185 2186
l 2187 2188
l 2189 2190
l 2191 2192
l 2193 2194
l 2195 2196
l 2197 2198
l 2199 2200
l 2201 2202
l 2203 2204
l 2205 2206
l 2207 2208
l 2209 2210
l 2211 2212
l 2213 2214
l 2215 2216
l 2217 2218
l 2219 2220
l 2221 2222
l 2223 2224
l 2225 2226
l 2227 2228
l 2229 2230
l 2231 2232
l 2233 2234
l 2235 2236
l 2237 2238
l 2239 2240
l 2241 2242
l 2243 2244
l 2245 2246
l 2247 2248
l 2249 2250
l 2251 2252
l 2253 2254
l 2255 2256
l 2257 2258
l 2259 2260
l 2261 2262
l 2263 2264
l 2265 2266
l 2267 2268
l 2269 2270
l 2271 2272
l 2273 2274
l 2275 2276
l 2277 2278
l 2279 2280
l 2281 2282
l 2283 2284
l 2285 2286
l 2287 2288
l 2289 2290
l 2291 2292
l 2293 2294
l 2295 2296
l 2297 2298
l 2299 2300
l 2301 2302
l 2303 2304
l 2305 2306
l 2307 2308
l 2309 2310
l 2311 2312
l 2313 2314
l 2315 2316
l 2317 2318
l 2319 2320
l 2321 2322
l 2323 2324
l 2325 2326
l 2327 2328
l 2329 2330
l 2331 2332
l 2333 2334
l 2335 2336
l 2337 2338
l 2339 2340
l 2341 2342
l 2343 2344
l 2345 2346
l 2347 2348
l 2349 2350
l 2351 2352
l 2353 2354
l 2355 2356
l 2357 2358
l 2359 2360
l 2361 2362
l 2363 2364
l 2365 2366
l 2367 2368
l 2369 2370
l 2371 2372
l 2373 2374
l 2375 2376
l 2377 2378
l 2379 2380
l 2381 2382
l 2383 2384
l 2385 2386
l 2387 2388
l 2389 2390
l 2391 2392
l 2393 2394
l 2395 2396
l 2397 2398
l 2399 2400
l 2401 2402
l 2403 2404
l 2405 2406
l 2407 2408
l 2409 2410
l 2411 2412
l 2413 2414
l 2415 2416
l 2417 2418
l 2419 2420
l 2421 2422
l 2423 2424
l 2425 2426
l 2427 2428
l 2429 2430
l 2431 2432
l 2433 2434
l 2435 2436
l 2437 2438
l 2439 2440
l 2441 2442
l 2443 2444
l 2445 2446
l 2447 2448
l 2449 2450
l 2451 2452
l 2453 2454
l 2455 2456
l 2457 2458
l 2459 2460
l 2461 2462
l 2463 2464
l 2465 2466
l 2467 2468
l 2469 2470
l 2471 2472
l 2473 2474
l 2475 2476
l 2477 2478
l 2479 2480
l 2481 2482
l 2483 2484
l 2485 2486
l 2487 2488
l 2489 2490
l 2491 2492
l 2493 2494
l 2495 2496
l 2497 2498
l 2499 2500
l 2501 2502
l 2503 2504
l 2505 2506
l 2507 2508
l 2509 2510
l 2511 2512
l 2513 2514
l 2515 2516
l 2517 2518
l 2519 2520
l 2521 2522
l 2523 2524
l 2525 2526
l 2527 2528
l 2529 2530
l 2531 2532
l 2533 2534
l 2535 2536
l 2537 2538
l 2539 2540
l 2541 2542
l 2543 2544
l 2545 2546
l 2547 2548
l 2549 2550
l 2551 2552
l 2553 2554
l 2555 2556
l 2557 2558
l 2559 2560
l 2561 2562
l 2563 2564
l 2565 2566
l 2567 2568
l 2569 2570
l 2571 2572
l 2573 2574
l 2575 2576
l 2577 2578
l 2579 2580
l 2581 2582
l 2583 2584
l 2585 2586
l 2587 2588
l 2589 2590
l 2591 2592
l 2593 2594
l 2595 2596
l 2597 2598
l 2599 2600
l 2601 2602
l 2603 2604
l 2605 2606
l 2607 2608
l 2609 2610
l 2611 2612
l 2613 2614
l 2615 2616
l 2617 2618
l 2619 2620
l 2621 2622
l 2623 2624
l 2625 2626
l 2627 2628
l 2629 2630
l 2631 2632
l 2633 2634
l 2635 2636
l 2637 2638
l 2639 2640
l 2641 2642
l 2643 2644
l 2645 2646
l 2647 2648
l 2649 2650
l 2651 2652
l 2653 2654
l 2655 2656
l 2657 2658
l 2659 2660
l 2661 2662
l 2663 2664
l 2665 2666
l 2667 2668
l 2669 2670
l 2671 2672
l 2673 2674
l 2675 2676
l 2677 2678
l 2679 2680
l 2681 2682
l 2683 2684
l 2685 2686
l 2687 2688
l 2689 2690
l 2691 2692
l 2693 2694
l 2695 2696
l 2697 2698
l 2699 2700
l 2701 2702
l 2703 2704
l 2705 2706
l 2707 2708
l 2709 2710
l 2711 2712
l 2713 2714
l 2715 2716
l 2717 2718
l 2719 2720
l 2721 2722
l 2723 2724
l 2725 2726
l 2727 2728
l 2729 2730
l 2731 2732
l 2733 2734
l 2735 2736
l 2737 2738
l 2739 2740
l 2741 2742
l 2743 2744
l 2745 2746
l 2747 2748
l 2749 2750
l 2751 2752
l 2753 2754
l 2755 2756
l 2757 2758
l 2759 2760
l 2761 2762
l 2763 2764
l 2765 2766
l 2767 2768
l 2769 2770
l 2771 2772
l 2773 2774
l 2775 2776
l 2777 2778
l 2779 2780
l 2781 2782
l 2783 2784
l 2785 2786
l 2787 2788
l 2789 2790
l 2791 2792
l 2793 2794
l 2795 2796
l 2797 2798
l 2799 2800
l 2801 2802
l 2803 2804
l 2805 2806
l 2807 2808
l 2809 2810
l 2811 2812
l 2813 2814
l 2815 2816
l 2817 2818
l 2819 2820
l 2821 2822
l 2823 2824
l 2825 2826
l 2827 2828
l 2829 2830
l 2831 2832
l 2833 2834
l 2835 2836
l 2837 2838
l 2839 2840
l 2841 2842
l 2843 2844
l 2845 2846
l 2847 2848
l 2849 2850
l 2851 2852
l 2853 2854
l 2855 2856
l 2857 2858
l 2859 2860
l 2861 2862
l 2863 2864
l 2865 2866
l 2867 2868
l 2869 2870
l 2871 2872
l 2873 2874
l 2875 2876
l 2877 2878
l 2879 2880
l 2881 2882
l 2883 2884
l 2885 2886
l 2887 2888
l 2889 2890
l 2891 2892
l 2893 2894
l 2895 2896
l 2897 2898
l 2899 2900
l 2901 2902
l 2903 2904
l 2905 2906
l 2907 2908
l 2909 2910
l 2911 2912
l 2913 2914
l 2915 2916
l 2917 2918
l 2919 2920
l 2921 2922
l 2923 2924
l 2925 2926
l 2927 2928
l 2929 2930
l 2931 2932
l 2933 2934
l 2935 2936
l 2937 2938
l 2939 2940
l 2941 2942
l 2943 2944
l 2945 2946
l 2947 2948
l 2949 2950
l 2951 2952
l 2953 2954
l 2955 2956
l 2957 2958
l 2959 2960
l 2961 2962
l 2963 2964
l 2965 2966
l 2967 2968
l 2969 2970
l 2971 2972
l 2973 2974
l 2975 2976
l 2977 2978
l 2979 2980
l 2981 2982
l 2983 2984
l 2985 2986
l 2987 2988
l 2989 2990
l 2991 2992
l 2993 2994
l 2995 2996
l 2997 2998
l 2999 3000
l 3001 3002
l 3003 3004
l 3005 3006
l 3007 3008
l 3009 3010
l 3011 3012
l 3013 3014
l 3015 3016
l 3017 3018
l 3019 3020
l 3021 3022
l 3023 3024
l 3025 3026
l 3027 3028
l 3029 3030
l 3031 3032
l 3033 3034
l 3035 3036
l 3037 3038
l 3039 3040
l 3041 3042
l 3043 3044
l 3045 3046
l 3047 3048
l 3049 3050
l 3051 3052
l 3053 3054
l 3055 3056
l 3057 3058
l 3059 3060
l 3061 3062
l 3063 3064
l 3065 3066
l 3067 3068
l 3069 3070
l 3071 3072
l 3073 3074
l 3075 3076
l 3077 3078
l 3079 3080
l 3081 3082
l 3083 3084
l 3085 3086
l 3087 3088
l 3089 3090
l 3091 3092
l 3093 3094
l 3095 3096
l 3097 3098
l 3099 3100
l 3101 3102
l 3103 3104
l 3105 3106
l 3107 3108
l 3109 3110
l 3111 3112
l 3113 3114
l 3115 3116
l 3117 3118
l 3119 3120
l 3121 3122
l 3123 3124
l 3125 3126
l 3127 3128
l 3129 3130
l 3131 3132
l 3133 3134
l 3135 3136
l 3137 3138
l 3139 3140
l 3141 3142
l 3143 3144
l 3145 3146
l 3147 3148
l 3149 3150
l 3151 3152
l 3153 3154
l 3155 3156
l 3157 3158
l 3159 3160
l 3161 3162
l 3163 3164
l 3165 3166
l 3167 3168
l 3169 3170
l 3171 3172
l 3173 3174
l 3175 3176
l 3177 3178
l 3179 3180
l 3181 3182
l 3183 3184
l 3185 3186
l 3187 3188
l 3189 3190
l 3191 3192
l 3193 3194
l 3195 3196
l 3197 3198
l 3199 3200
l 3201 3202
l 3203 3204
l 3205 3206
l 3207 3208
l 3209 3210
l 3211 3212
l 3213 3214
l 3215 3216
l 3217 3218
l 3219 3220
l 3221 3222
l 3223 3224
l 3225 3226
l 3227 3228
l 3229 3230
l 3231 3232
l 3233 3234
l 3235 3236
l 3237 3238
l 3239 3240
l 3241 3242
l 3243 3244
l 3245 3246
l 3247 3248
l 3249 3250
l 3251 3252
l 3253 3254
l 3255 3256
l 3257 3258
l 3259 3260
l 3261 3262
l 3263 3264
l 3265 3266
l 3267 3268
l 3269 3270
l 3271 3272
l 3273 3274
l 3275 3276
l 3277 3278
l 3279 3280
l 3281 3282
l 3283 3284
l 3285 3286
l 3287 3288
l 3289 3290
l 3291 3292
l 3293 3294
l 3295 3296
l 3297 3298
l 3299 3300
l 3301 3302
l 3303 3304
l 3305 3306
l 3307 3308
l 3309 3310
l 3311 3312
l 3313 3314
l 3315 3316
l 3317 3318
l 3319 3320
l 3321 3322
l 3323 3324
l 3325 3326
l 3327 3328
l 3329 3330
l 3331 3332
l 3333 3334
l 3335 3336
l 3337 3338
l 3339 3340
l 3341 3342
l 3343 3344
l 3345 3346
l 3347 3348
l 3349 3350
l 3351 3352
l 3353 3354
l 3355 3356
l 3357 3358
l 3359 3360
l 3361 3362
l 3363 3364
l 3365 3366
l 3367 3368
l 3369 3370
l 3371 3372
l 3373 3374
l 3375 3376
l 3377 3378
l 3379 3380
l 3381 3382
l 3383 3384
l 3385 3386
l 3387 3388
l 3389 3390
l 3391 3392
l 3393 3394
l 3395 3396
l 3397 3398
l 3399 3400
l 3401 3402
l 3403 3404
l 3405 3406
l 3407 3408
l 3409 3410
l 3411 3412
l 3413 3414
l 3415 3416
l 3417 3418
l 3419 3420
l 3421 3422
l 3423 3424
l 3425 3426
l 3427 3428
l 3429 3430
l 3431 3432
l 3433 3434
l 3435 3436
l 3437 3438
l 3439 3440
l 3441 3442
l 3443 3444
l 3445 3446
l 3447 3448
l 3449 3450
l 3451 3452
l 3453 3454
l 3455 3456
l 3457 3458
l 3459 3460
l 3461 3462
l 3463 3464
l 3465 3466
l 3467 3468
l 3469 3470
l 3471 3472
l 3473 3474
l 3475 3476
l 3477 3478
l 3479 3480
l 3481 3482
l 3483 3484
l 3485 3486
l 3487 3488
l 3489 3490
l 3491 3492
l 3493 3494
l 3495 3496
l 3497 3498
l 3499 3500
l 3501 3502
l 3503 3504
l 3505 3506
l 3507 3508
l 3509 3510
l 3511 3512
l 3513 3514
l 3515 3516
l 3517 3518
l 3519 3520
l 3521 3522
l 3523 3524
l 3525 3526
l 3527 3528
l 3529 3530
l 3531 3532
l 3533 3534
l 3535 3536
l 3537 3538
l 3539 3540
l 3541 3542
l 3543 3544
l 3545 3546
l 3547 3548
l 3549 3550
l 3551 3552
l 3553 3554
l 3555 3556
l 3557 3558
l 3559 3560
l 3561 3562
l 3563 3564
l 3565 3566
l 3567 3568
l 3569 3570
l 3571 3572
l 3573 3574
l 3575 3576
l 3577 3578
l 3579 3580
l 3581 3582
l 3583 3584
l 3585 3586
l 3587 3588
l 3589 3590
l 3591 3592
l 3593 3594
l 3595 3596
l 3597 3598
l 3599 3600
l 3601 3602
l 3603 3604
l 3605 3606
l 3607 3608
l 3609 3610
l 3611 3612
l 3613 3614
l 3615 3616
l 3617 3618
l 3619 3620
l 3621 3622
l 3623 3624
l 3625 3626
l 3627 3628
l 3629 3630
l 3631 3632
l 3633 3634
l 3635 3636
l 3637 3638
l 3639 3640
l 3641 3642
l 3643 3644
l 3645 3646
l 3647 3648
l 3649 3650
l 3651 3652
l 3653 3654
l 3655 3656
l 3657 3658
l 3659 3660
l 3661 3662
l 3663 3664
l 3665 3666
l 3667 3668
l 3669 3670
l 3671 3672
l 3673 3674
l 3675 3676
l 3677 3678
l 3679 3680
l 3681 3682
l 3683 3684
l 3685 3686
l 3687 3688
l 3689 3690
l 3691 3692
l 3693 3694
l 3695 3696
l 3697 3698
l 3699 3700
l 3701 3702
l 3703 3704
l 3705 3706
l 3707 3708
l 3709 3710
l 3711 3712
l 3713 3714
l 3715 3716
l 3717 3718
l 3719 3720
l 3721 3722
l 3723 3724
l 3725 3726
l 3727 3728
l 3729 3730
l 3731 3732
l 3733 3734
l 3735 3736
l 3737 3738
l 3739 3740
l 3741 3742
l 3743 3744
l 3745 3746
l 3747 3748
l 3749 3750
l 3751 3752
l 3753 3754
l 3755 3756
l 3757 3758
l 3759 3760
l 3761 3762
l 3763 3764
l 3765 3766
l 3767 3768
l 3769 3770
l 3771 3772
l 3773 3774
l 3775 3776
l 3777 3778
l 3779 3780
l 3781 3782
l 3783 3784
l 3785 3786
l 3787 3788
l 3789 3790
l 3791 3792
l 3793 3794
l 3795 3796
l 3797 3798
l 3799 3800
l 3801 3802
l 3803 3804
l 3805 3806
l 3807 3808
l 3809 3810
l 3811 3812
l 3813 3814
l 3815 3816
l 3817 3818
l 3819 3820
l 3821 3822
l 3823 3824
l 3825 3826
l 3827 3828
l 3829 3830
l 3831 3832
l 3833 3834
l 3835 3836
l 3837 3838
l 3839 3840
l 3841 3842
l 3843 3844
l 3845 3846
l 3847 3848
l 3849 3850
l 3851 3852
l 3853 3854
l 3855 3856
l 3857 3858
l 3859 3860
l 3861 3862
l 3863 3864
l 3865 3866
l 3867 3868
l 3869 3870
l 3871 3872
l 3873 3874
l 3875 3876
l 3877 3878
l 3879 3880
l 3881 3882
l 3883 3884
l 3885 3886
l 3887 3888
l 3889 3890
l 3891 3892
l 3893 3894
l 3895 3896
l 3897 3898
l 3899 3900
l 3901 3902
l 3903 3904
l 3905 3906
l 3907 3908
l 3909 3910
l 3911 3912
l 3913 3914
l 3915 3916
l 3917 3918
l 3919 3920
l 3921 3922
l 3923 3924
l 3925 3926
l 3927 3928
l 3929 3930
l 3931 3932
l 3933 3934
l 3935 3936
l 3937 3938
l 3939 3940
l 3941 3942
l 3943 3944
l 3945 3946
l 3947 3948
l 3949 3950
l 3951 3952
l 3953 3954
l 3955 3956
l 3957 3958
l 3959 3960
l 3961 3962
l 3963 3964
l 3965 3966
l 3967 3968
l 3969 3970
l 3971 3972
l 3973 3974
l 3975 3976
l 3977 3978
l 3979 3980
l 3981 3982
l 3983 3984
l 3985 3986
l 3987 3988
l 3989 3990
l 3991 3992
l 3993 3994
l 3995 3996
l 3997 3998
l 3999 4000
